<?xml version="1.0" encoding="UTF-8"?>
<metadata><dataIdInfo><idCitation><resRefDate><refDate>20090101</refDate><refDateType><DateTypCd value="001"></DateTypCd></refDateType></resRefDate><citRespParty><rpIndName>ME4 Tan Soong Tong Michael</rpIndName><rpOrgName>Ministry of Defence (MINDEF)</rpOrgName><rpPosName>Head Data Management, HSGB</rpPosName><role><RoleCd value="007"></RoleCd></role><rpCntInfo><cntAddress><delPoint>SAF Mapping Unit, 200 Airport Road</delPoint><city>Singapore</city><adminArea>Singapore</adminArea><postCode>534257</postCode><eMailAdd>TAN_Soong_Tong_Michael@defence.gov.sg</eMailAdd><country>sg</country></cntAddress><cntPhone><voiceNum>64317226</voiceNum><faxNum>62814134</faxNum></cntPhone></rpCntInfo></citRespParty><resTitle>NPC Boundary</resTitle><presForm><PresFormCd Sync="TRUE" value="005"></PresFormCd></presForm></idCitation><dataLang><languageCode value="en"></languageCode><countryCode value="SGP" Sync="TRUE"></countryCode></dataLang><resMaint><maintFreq><MaintFreqCd value="009"></MaintFreqCd></maintFreq></resMaint><resConst><SecConsts><class><ClasscationCd value="002"></ClasscationCd></class></SecConsts></resConst><geoBox><northBL>1.501</northBL><westBL>103.6</westBL><eastBL>104.41</eastBL><southBL>1.148</southBL></geoBox><idAbs>This layer contains the Neighbourhood Police Centre (NPC) boundaries in Singapore</idAbs><envirDesc Sync="TRUE"> Version 6.2 (Build 9200) ; Esri ArcGIS 10.7.1.11595</envirDesc><spatRpType><SpatRepTypCd Sync="TRUE" value="001"></SpatRepTypCd></spatRpType><dataExt><geoEle><GeoBndBox esriExtentType="native"><westBL Sync="TRUE">103.600946</westBL><eastBL Sync="TRUE">104.119328</eastBL><northBL Sync="TRUE">1.478394</northBL><southBL Sync="TRUE">1.150093</southBL><exTypeCode Sync="TRUE">1</exTypeCode></GeoBndBox></geoEle></dataExt><geoBox esriExtentType="decdegrees"><westBL Sync="TRUE">103.600946</westBL><eastBL Sync="TRUE">104.119328</eastBL><northBL Sync="TRUE">1.478394</northBL><southBL Sync="TRUE">1.150093</southBL><exTypeCode Sync="TRUE">1</exTypeCode></geoBox><tpCat><TopicCatCd value="003"></TopicCatCd></tpCat><descKeys KeyTypCd="005"><keyTyp><KeyTypCd value="005"></KeyTypCd></keyTyp><keyword>Boundary</keyword><keyword>Neighbourhood Police Sector</keyword><keyword>NPC</keyword><keyword>Sector</keyword></descKeys><descKeys KeyTypCd="002"><keyTyp><KeyTypCd value="002"></KeyTypCd></keyTyp><keyword>Singapore, Local, Blue</keyword></descKeys><dataScale><equScale><rfDenom>5000</rfDenom></equScale></dataScale><idPoC Sync="TRUE"><rpIndName Sync="TRUE">ME4 Tan Soong Tong Michael</rpIndName><rpOrgName Sync="TRUE">Ministry of Defence (MINDEF)</rpOrgName><rpPosName Sync="TRUE">Head Data Management, HSGB</rpPosName><rpCntInfo><cntPhone><voiceNum Sync="TRUE">64317226</voiceNum><faxNum Sync="TRUE">62814134</faxNum></cntPhone><cntAddress><delPoint Sync="TRUE">SAF Mapping Unit, 200 Airport Road</delPoint><city Sync="TRUE">Singapore</city><adminArea Sync="TRUE">Singapore</adminArea><postCode Sync="TRUE">534257</postCode><country Sync="TRUE">sg</country><eMailAdd Sync="TRUE">TAN_Soong_Tong_Michael@defence.gov.sg</eMailAdd></cntAddress></rpCntInfo><role><RoleCd Sync="TRUE" value="007"></RoleCd></role></idPoC></dataIdInfo><mdContact><rpIndName>ME4 Tan Soong Tong Michael</rpIndName><rpOrgName>Ministry of Defence (MINDEF)</rpOrgName><rpPosName>Head Data Management, HSGB</rpPosName><role><RoleCd value="007"></RoleCd></role><rpCntInfo><cntAddress><delPoint>SAF Mapping Unit, 200 Airport Road</delPoint><postCode>534257</postCode><eMailAdd>TAN_Soong_Tong_Michael@defence.gov.sg</eMailAdd><country>sg</country><city>Singapore</city><adminArea>Singapore</adminArea></cntAddress><cntPhone><voiceNum>64317226</voiceNum><faxNum>62814134</faxNum></cntPhone></rpCntInfo></mdContact><mdDateSt Sync="TRUE">20231215</mdDateSt><mdHrLv><ScopeCd Sync="TRUE" value="005"></ScopeCd></mdHrLv><mdHrLvName Sync="TRUE">dataset</mdHrLvName><mdStanName Sync="TRUE">ISO 19115 Geographic Information - Metadata</mdStanName><mdStanVer Sync="TRUE">DIS_ESRI1.0</mdStanVer><mdChar><CharSetCd Sync="TRUE" value="004"></CharSetCd></mdChar><Esri><ModDate>20231215</ModDate><ModTime>13413100</ModTime><CreaDate>20231207</CreaDate><CreaTime>09431500</CreaTime><SyncOnce>FALSE</SyncOnce><SyncDate>20231215</SyncDate><SyncTime>13413100</SyncTime><DataProperties><lineage><Process ToolSource="C:\Program Files\ArcGIS\ArcToolbox\Toolboxes\Data Management Tools.tbx\PolygonToLine" Date="20120412" Time="083819">PolygonToLine "D:\LEONLAI\New File Geodatabase.gdb\ADMINISTRATIVE_BOUNDARY\Boundary_NPC_Only" "D:\LEONLAI\New File Geodatabase.gdb\ADMINISTRATIVE_BOUNDARY\Boundary_NPC_Only_PolygonToL"</Process><Process ToolSource="C:\Program Files\ArcGIS\ArcToolbox\Toolboxes\Data Management Tools.tbx\FeatureToPolygon" Date="20120412" Time="092233">FeatureToPolygon 'D:\LEONLAI\New File Geodatabase.gdb\ADMINISTRATIVE_BOUNDARY\Boundary_NPC_Only_PolygonToL' "D:\LEONLAI\New File Geodatabase.gdb\ADMINISTRATIVE_BOUNDARY\Boundary_NPC_Only_Polygon" # ATTRIBUTES #</Process><Process ToolSource="C:\Program Files\ArcGIS\ArcToolbox\Toolboxes\Data Management Tools.tbx\PolygonToLine" Date="20120413" Time="104633">PolygonToLine D:\LEONLAI\LEON\BOUNDARY_NPC_SECTORS120412.shp D:\LEONLAI\LEON\BOUNDARY_NPC_SECTORS120412_line.shp</Process><Process ToolSource="C:\Program Files\ArcGIS\ArcToolbox\Toolboxes\Data Management Tools.tbx\FeatureToPolygon" Date="20120416" Time="100312">FeatureToPolygon BOUNDARY_NPC_SECTORS120412_line D:\LEONLAI\LEON\BOUNDARY_NPC_SECTORS120412_poly.shp # ATTRIBUTES #</Process><Process ToolSource="C:\Program Files\ArcGIS\ArcToolbox\Toolboxes\Data Management Tools.tbx\Project" Date="20120416" Time="112814">Project "D:\LaiHS\HSGB\Data\Quarterly Data Layer MHA\2012_2\New Folder\NPC_SECTOR.shp" "D:\LaiHS\HSGB\Data\Quarterly Data Layer MHA\2012_2\New Folder\NPC_SECTOR_Project.shp" PROJCS['Transverse Mercator',GEOGCS['GCS_WGS_1984',DATUM['D_WGS_1984',SPHEROID['WGS_1984',6378137.0,298.257223563]],PRIMEM['Greenwich',0.0],UNIT['Degree',0.0174532925199433]],PROJECTION['Transverse_Mercator'],PARAMETER['False_Easting',28001.642],PARAMETER['False_Northing',38744.572],PARAMETER['Central_Meridian',103.8333333333333],PARAMETER['Scale_Factor',1.0],PARAMETER['Latitude_Of_Origin',1.366666666666667],UNIT['Meter',1.0]] # GEOGCS['GCS_WGS_1984',DATUM['D_WGS_1984',SPHEROID['WGS_1984',6378137.0,298.257223563]],PRIMEM['Greenwich',0.0],UNIT['Degree',0.0174532925199433]]</Process><Process ToolSource="C:\Program Files\ArcGIS\ArcToolbox\Toolboxes\Data Management Tools.tbx\Project" Date="20120416" Time="113032">Project "D:\LaiHS\HSGB\Data\Quarterly Data Layer MHA\2012_2\New Folder\NPC_SECTOR_Project.shp" "D:\LaiHS\HSGB\Data\Quarterly Data Layer MHA\2012_2\New Folder\NPC_SECTOR_Project_Project.shp" GEOGCS['GCS_WGS_1984',DATUM['D_WGS_1984',SPHEROID['WGS_1984',6378137.0,298.257223563]],PRIMEM['Greenwich',0.0],UNIT['Degree',0.0174532925199433]] # PROJCS['Transverse Mercator',GEOGCS['GCS_WGS_1984',DATUM['D_WGS_1984',SPHEROID['WGS_1984',6378137.0,298.257223563]],PRIMEM['Greenwich',0.0],UNIT['Degree',0.0174532925199433]],PROJECTION['Transverse_Mercator'],PARAMETER['False_Easting',28001.642],PARAMETER['False_Northing',38744.572],PARAMETER['Central_Meridian',103.8333333333333],PARAMETER['Scale_Factor',1.0],PARAMETER['Latitude_Of_Origin',1.366666666666667],UNIT['Meter',1.0]]</Process><Process ToolSource="C:\Program Files\ArcGIS\ArcToolbox\Toolboxes\Data Management Tools.tbx\CopyFeatures" Date="20120416" Time="113128">CopyFeatures "D:\LaiHS\HSGB\Data\Quarterly Data Layer MHA\2012_2\New Folder\NPC_SECTOR.shp" "D:\LaiHS\HSGB\Data\Quarterly Data Layer MHA\2012_2\2012_2 RESTRICTED\GEODATABASE\RESTRICTED.gdb\ADMINISTRATIVE_BOUNDARY\NPC_SECTOR" # 0 0 0</Process><Process ToolSource="C:\Program Files\ArcGIS\ArcToolbox\Toolboxes\Data Management Tools.tbx\Project" Date="20120703" Time="163028">Project "Z:\aaOTHERS\DERRICK\2012_3 RESTRICTED\GEODATABASE\RESTRICTED.gdb\ADMINISTRATIVE_BOUNDARY\NPC_Sector" "Z:\aaOTHERS\DERRICK\2012_3 RESTRICTED\GEODATABASE\RESTRICTED.gdb\NPC_Sector_Project" PROJCS['Transverse Mercator',GEOGCS['GCS_WGS_1984',DATUM['D_WGS_1984',SPHEROID['WGS_1984',6378137.0,298.257223563]],PRIMEM['Greenwich',0.0],UNIT['Degree',0.0174532925199433]],PROJECTION['Transverse_Mercator'],PARAMETER['False_Easting',28001.642],PARAMETER['False_Northing',38744.572],PARAMETER['Central_Meridian',103.8333333333333],PARAMETER['Scale_Factor',1.0],PARAMETER['Latitude_Of_Origin',1.366666666666667],UNIT['Meter',1.0]] # GEOGCS['GCS_WGS_1984',DATUM['D_WGS_1984',SPHEROID['WGS_1984',6378137.0,298.257223563]],PRIMEM['Greenwich',0.0],UNIT['Degree',0.0174532925199433]]</Process><Process ToolSource="C:\Program Files\ArcGIS\ArcToolbox\Toolboxes\Data Management Tools.tbx\Project" Date="20120703" Time="163422">Project "Z:\aaOTHERS\DERRICK\2012_3 RESTRICTED\GEODATABASE\RESTRICTED.gdb\NPC_Sector_Project" "Z:\aaOTHERS\DERRICK\2012_3 RESTRICTED\GEODATABASE\RESTRICTED.gdb\NPC_Sector_Project_Project" GEOGCS['GCS_WGS_1984',DATUM['D_WGS_1984',SPHEROID['WGS_1984',6378137.0,298.257223563]],PRIMEM['Greenwich',0.0],UNIT['Degree',0.0174532925199433]] # PROJCS['Transverse Mercator',GEOGCS['GCS_WGS_1984',DATUM['D_WGS_1984',SPHEROID['WGS_1984',6378137.0,298.257223563]],PRIMEM['Greenwich',0.0],UNIT['Degree',0.0174532925199433]],PROJECTION['Transverse_Mercator'],PARAMETER['False_Easting',28001.642],PARAMETER['False_Northing',38744.572],PARAMETER['Central_Meridian',103.8333333333333],PARAMETER['Scale_Factor',1.0],PARAMETER['Latitude_Of_Origin',1.366666666666667],UNIT['Meter',1.0]]</Process><Process ToolSource="C:\Program Files\ArcGIS\ArcToolbox\Toolboxes\Data Management Tools.tbx\Merge" Date="20120906" Time="084717">Merge 'D:\LaiHS\HSGB\Data\Quarterly Data Layer MHA\2012_4\zzNEW\NPC_BOUNDARY\NPC_Boundary_Sector.gdb\ADMINISTRATIVE_BOUNDARY\NPC_Boundary';'D:\LaiHS\HSGB\Data\Quarterly Data Layer MHA\2012_4\zzNEW\NPC_BOUNDARY\NPC_Boundary_Sector.gdb\ADMINISTRATIVE_BOUNDARY\NPC_SECTOR' "D:\LaiHS\HSGB\Data\Quarterly Data Layer MHA\2012_4\zzNEW\NPC_BOUNDARY\NPC_Boundary_Sector.gdb\ADMINISTRATIVE_BOUNDARY\NPC_Boundary_Merge" "NAME 'NAME' true true false 25 Text 0 0 ,First,#,D:\LaiHS\HSGB\Data\Quarterly Data Layer MHA\2012_4\zzNEW\NPC_BOUNDARY\NPC_Boundary_Sector.gdb\ADMINISTRATIVE_BOUNDARY\NPC_Boundary,NAME,-1,-1,D:\LaiHS\HSGB\Data\Quarterly Data Layer MHA\2012_4\zzNEW\NPC_BOUNDARY\NPC_Boundary_Sector.gdb\ADMINISTRATIVE_BOUNDARY\NPC_SECTOR,NAME,-1,-1;GlobalID 'GlobalID' false false true 38 Long 0 0 ,First,#,D:\LaiHS\HSGB\Data\Quarterly Data Layer MHA\2012_4\zzNEW\NPC_BOUNDARY\NPC_Boundary_Sector.gdb\ADMINISTRATIVE_BOUNDARY\NPC_Boundary,GlobalID,-1,-1,D:\LaiHS\HSGB\Data\Quarterly Data Layer MHA\2012_4\zzNEW\NPC_BOUNDARY\NPC_Boundary_Sector.gdb\ADMINISTRATIVE_BOUNDARY\NPC_SECTOR,GlobalID,-1,-1;Shape_A 'Shape_A' true true false 4 Long 0 0 ,First,#,D:\LaiHS\HSGB\Data\Quarterly Data Layer MHA\2012_4\zzNEW\NPC_BOUNDARY\NPC_Boundary_Sector.gdb\ADMINISTRATIVE_BOUNDARY\NPC_Boundary,Shape_A,-1,-1,D:\LaiHS\HSGB\Data\Quarterly Data Layer MHA\2012_4\zzNEW\NPC_BOUNDARY\NPC_Boundary_Sector.gdb\ADMINISTRATIVE_BOUNDARY\NPC_SECTOR,Shape_A,-1,-1;Shape_L 'Shape_L' true true false 4 Long 0 0 ,First,#,D:\LaiHS\HSGB\Data\Quarterly Data Layer MHA\2012_4\zzNEW\NPC_BOUNDARY\NPC_Boundary_Sector.gdb\ADMINISTRATIVE_BOUNDARY\NPC_Boundary,Shape_L,-1,-1,D:\LaiHS\HSGB\Data\Quarterly Data Layer MHA\2012_4\zzNEW\NPC_BOUNDARY\NPC_Boundary_Sector.gdb\ADMINISTRATIVE_BOUNDARY\NPC_SECTOR,Shape_L,-1,-1;Shape_Length 'Shape_Length' false true true 8 Double 0 0 ,First,#,D:\LaiHS\HSGB\Data\Quarterly Data Layer MHA\2012_4\zzNEW\NPC_BOUNDARY\NPC_Boundary_Sector.gdb\ADMINISTRATIVE_BOUNDARY\NPC_Boundary,Shape_Length,-1,-1,D:\LaiHS\HSGB\Data\Quarterly Data Layer MHA\2012_4\zzNEW\NPC_BOUNDARY\NPC_Boundary_Sector.gdb\ADMINISTRATIVE_BOUNDARY\NPC_SECTOR,Shape_Length,-1,-1;Shape_Area 'Shape_Area' false true true 8 Double 0 0 ,First,#,D:\LaiHS\HSGB\Data\Quarterly Data Layer MHA\2012_4\zzNEW\NPC_BOUNDARY\NPC_Boundary_Sector.gdb\ADMINISTRATIVE_BOUNDARY\NPC_Boundary,Shape_Area,-1,-1,D:\LaiHS\HSGB\Data\Quarterly Data Layer MHA\2012_4\zzNEW\NPC_BOUNDARY\NPC_Boundary_Sector.gdb\ADMINISTRATIVE_BOUNDARY\NPC_SECTOR,Shape_Area,-1,-1;FTYPE 'FTYPE' true true false 30 Text 0 0 ,First,#,D:\LaiHS\HSGB\Data\Quarterly Data Layer MHA\2012_4\zzNEW\NPC_BOUNDARY\NPC_Boundary_Sector.gdb\ADMINISTRATIVE_BOUNDARY\NPC_Boundary,FTYPE,-1,-1,D:\LaiHS\HSGB\Data\Quarterly Data Layer MHA\2012_4\zzNEW\NPC_BOUNDARY\NPC_Boundary_Sector.gdb\ADMINISTRATIVE_BOUNDARY\NPC_SECTOR,FTYPE,-1,-1;NPC 'NPC' true true false 10 Text 0 0 ,First,#,D:\LaiHS\HSGB\Data\Quarterly Data Layer MHA\2012_4\zzNEW\NPC_BOUNDARY\NPC_Boundary_Sector.gdb\ADMINISTRATIVE_BOUNDARY\NPC_SECTOR,NPC,-1,-1;Div 'Div' true true false 1 Text 0 0 ,First,#,D:\LaiHS\HSGB\Data\Quarterly Data Layer MHA\2012_4\zzNEW\NPC_BOUNDARY\NPC_Boundary_Sector.gdb\ADMINISTRATIVE_BOUNDARY\NPC_SECTOR,Div,-1,-1"</Process><Process ToolSource="C:\Program Files\ArcGIS\ArcToolbox\Toolboxes\Data Management Tools.tbx\CopyFeatures" Date="20130522" Time="140637">CopyFeatures "D:\Zhiyuan\SPF Boundary Alignment Correction_May2013\NPC_Boundary.shp" "D:\Zhiyuan\SPF Boundary Alignment Correction_May2013\SPF_Boundary.gdb\SPF_Boundary\NPC_Boundary" # 0 0 0</Process><Process ToolSource="C:\Program Files\ArcGIS\ArcToolbox\Toolboxes\Data Management Tools.tbx\CopyFeatures" Date="20130621" Time="091429">CopyFeatures "D:\Zhiyuan\SPF Boundary Alignment Correction_May2013\SPF_Boundary.gdb\SPF_Boundary\NPC_Boundary_210613" "Z:\aaOTHERS\ZHI_YUAN\SPF Boundary Alignment Correction_May2013\Completed.gdb\NPC_Boundary_210613" # 0 0 0</Process><Process ToolSource="C:\Program Files\ArcGIS\ArcToolbox\Toolboxes\Data Management Tools.tbx\Merge" Date="20130701" Time="090650">Merge 'D:\LaiHS\HSGB\Data\Quarterly Data Layer MHA\2013_3\zzNEW_UPDATE\P01 SPF Division Boundary and NPC Sector_ZHIYUAN_22 MAY 2013_DONE! TO QC\FOR QC\Completed.gdb\NPC_Boundary_210613';'D:\LaiHS\HSGB\Data\Quarterly Data Layer MHA\2013_3\zzNEW_UPDATE\P01 SPF Division Boundary and NPC Sector_ZHIYUAN_22 MAY 2013_DONE! TO QC\FOR QC\Completed.gdb\NPC_Sector_210613' "D:\LaiHS\HSGB\Data\Quarterly Data Layer MHA\2013_3\zzNEW_UPDATE\P01 SPF Division Boundary and NPC Sector_ZHIYUAN_22 MAY 2013_DONE! TO QC\FOR QC\Completed.gdb\NPC_Boundary_210613_Merge" "NAME 'NAME' true true false 25 Text 0 0 ,First,#,D:\LaiHS\HSGB\Data\Quarterly Data Layer MHA\2013_3\zzNEW_UPDATE\P01 SPF Division Boundary and NPC Sector_ZHIYUAN_22 MAY 2013_DONE! TO QC\FOR QC\Completed.gdb\NPC_Boundary_210613,NAME,-1,-1,D:\LaiHS\HSGB\Data\Quarterly Data Layer MHA\2013_3\zzNEW_UPDATE\P01 SPF Division Boundary and NPC Sector_ZHIYUAN_22 MAY 2013_DONE! TO QC\FOR QC\Completed.gdb\NPC_Sector_210613,NAME,-1,-1;GlobalID 'GlobalID' true true false 38 Text 0 0 ,First,#,D:\LaiHS\HSGB\Data\Quarterly Data Layer MHA\2013_3\zzNEW_UPDATE\P01 SPF Division Boundary and NPC Sector_ZHIYUAN_22 MAY 2013_DONE! TO QC\FOR QC\Completed.gdb\NPC_Boundary_210613,GlobalID,-1,-1,D:\LaiHS\HSGB\Data\Quarterly Data Layer MHA\2013_3\zzNEW_UPDATE\P01 SPF Division Boundary and NPC Sector_ZHIYUAN_22 MAY 2013_DONE! TO QC\FOR QC\Completed.gdb\NPC_Sector_210613,GlobalID,-1,-1;Shape_A 'Shape_A' true true false 4 Long 0 0 ,First,#,D:\LaiHS\HSGB\Data\Quarterly Data Layer MHA\2013_3\zzNEW_UPDATE\P01 SPF Division Boundary and NPC Sector_ZHIYUAN_22 MAY 2013_DONE! TO QC\FOR QC\Completed.gdb\NPC_Boundary_210613,Shape_A,-1,-1,D:\LaiHS\HSGB\Data\Quarterly Data Layer MHA\2013_3\zzNEW_UPDATE\P01 SPF Division Boundary and NPC Sector_ZHIYUAN_22 MAY 2013_DONE! TO QC\FOR QC\Completed.gdb\NPC_Sector_210613,Shape_A,-1,-1;Shape_L 'Shape_L' true true false 4 Long 0 0 ,First,#,D:\LaiHS\HSGB\Data\Quarterly Data Layer MHA\2013_3\zzNEW_UPDATE\P01 SPF Division Boundary and NPC Sector_ZHIYUAN_22 MAY 2013_DONE! TO QC\FOR QC\Completed.gdb\NPC_Boundary_210613,Shape_L,-1,-1,D:\LaiHS\HSGB\Data\Quarterly Data Layer MHA\2013_3\zzNEW_UPDATE\P01 SPF Division Boundary and NPC Sector_ZHIYUAN_22 MAY 2013_DONE! TO QC\FOR QC\Completed.gdb\NPC_Sector_210613,Shape_L,-1,-1;FTYPE 'FTYPE' true true false 30 Text 0 0 ,First,#,D:\LaiHS\HSGB\Data\Quarterly Data Layer MHA\2013_3\zzNEW_UPDATE\P01 SPF Division Boundary and NPC Sector_ZHIYUAN_22 MAY 2013_DONE! TO QC\FOR QC\Completed.gdb\NPC_Boundary_210613,FTYPE,-1,-1,D:\LaiHS\HSGB\Data\Quarterly Data Layer MHA\2013_3\zzNEW_UPDATE\P01 SPF Division Boundary and NPC Sector_ZHIYUAN_22 MAY 2013_DONE! TO QC\FOR QC\Completed.gdb\NPC_Sector_210613,FTYPE,-1,-1;NPC 'NPC' true true false 10 Text 0 0 ,First,#,D:\LaiHS\HSGB\Data\Quarterly Data Layer MHA\2013_3\zzNEW_UPDATE\P01 SPF Division Boundary and NPC Sector_ZHIYUAN_22 MAY 2013_DONE! TO QC\FOR QC\Completed.gdb\NPC_Boundary_210613,NPC,-1,-1,D:\LaiHS\HSGB\Data\Quarterly Data Layer MHA\2013_3\zzNEW_UPDATE\P01 SPF Division Boundary and NPC Sector_ZHIYUAN_22 MAY 2013_DONE! TO QC\FOR QC\Completed.gdb\NPC_Sector_210613,NPC,-1,-1;Div 'Div' true true false 1 Text 0 0 ,First,#,D:\LaiHS\HSGB\Data\Quarterly Data Layer MHA\2013_3\zzNEW_UPDATE\P01 SPF Division Boundary and NPC Sector_ZHIYUAN_22 MAY 2013_DONE! TO QC\FOR QC\Completed.gdb\NPC_Boundary_210613,Div,-1,-1,D:\LaiHS\HSGB\Data\Quarterly Data Layer MHA\2013_3\zzNEW_UPDATE\P01 SPF Division Boundary and NPC Sector_ZHIYUAN_22 MAY 2013_DONE! TO QC\FOR QC\Completed.gdb\NPC_Sector_210613,Div,-1,-1;Shape_Length 'Shape_Length' false true true 8 Double 0 0 ,First,#,D:\LaiHS\HSGB\Data\Quarterly Data Layer MHA\2013_3\zzNEW_UPDATE\P01 SPF Division Boundary and NPC Sector_ZHIYUAN_22 MAY 2013_DONE! TO QC\FOR QC\Completed.gdb\NPC_Boundary_210613,Shape_Length,-1,-1,D:\LaiHS\HSGB\Data\Quarterly Data Layer MHA\2013_3\zzNEW_UPDATE\P01 SPF Division Boundary and NPC Sector_ZHIYUAN_22 MAY 2013_DONE! TO QC\FOR QC\Completed.gdb\NPC_Sector_210613,Shape_Length,-1,-1;Shape_Area 'Shape_Area' false true true 8 Double 0 0 ,First,#,D:\LaiHS\HSGB\Data\Quarterly Data Layer MHA\2013_3\zzNEW_UPDATE\P01 SPF Division Boundary and NPC Sector_ZHIYUAN_22 MAY 2013_DONE! TO QC\FOR QC\Completed.gdb\NPC_Boundary_210613,Shape_Area,-1,-1,D:\LaiHS\HSGB\Data\Quarterly Data Layer MHA\2013_3\zzNEW_UPDATE\P01 SPF Division Boundary and NPC Sector_ZHIYUAN_22 MAY 2013_DONE! TO QC\FOR QC\Completed.gdb\NPC_Sector_210613,Shape_Area,-1,-1"</Process><Process ToolSource="C:\Program Files\ArcGIS\ArcToolbox\Toolboxes\Data Management Tools.tbx\CopyFeatures" Date="20130701" Time="091926">CopyFeatures "D:\LaiHS\HSGB\Data\Quarterly Data Layer MHA\2013_3\zzNEW_UPDATE\P01 SPF Division Boundary and NPC Sector_ZHIYUAN_22 MAY 2013_DONE! TO QC\FOR QC\Completed.gdb\NPC_Boundary" "D:\LaiHS\HSGB\Data\Quarterly Data Layer MHA\2013_3\2013_3 RESTRICTED\GEODATABASE\RESTRICTED.gdb\ADMINISTRATIVE_BOUNDARY\NPC_Boundary" # 0 0 0</Process><Process ToolSource="C:\Program Files\ArcGIS\ArcToolbox\Toolboxes\Data Management Tools.tbx\FeatureToPoint" Date="20150303" Time="161205">FeatureToPoint "D:\HONG WEI\NPC_Boundary\NPC_SECTOR_ONLY.shp" "D:\HONG WEI\NPC_Boundary\NPC_SECTOR_ONLY_FeatureToPoi.shp" CENTROID</Process><Process ToolSource="C:\Program Files\ArcGIS\ArcToolbox\Toolboxes\Data Management Tools.tbx\FeatureToPolygon" Date="20150303" Time="161410">FeatureToPolygon 'D:\HONG WEI\NPC_Boundary\NPC_Boundary.gdb\ADMINISTRATIVE_BOUNDARY\NPC_SECTOR_ONLY_MERGE' "D:\HONG WEI\NPC_Boundary\NPC_Boundary.gdb\ADMINISTRATIVE_BOUNDARY\NPC_SECTOR_ONLY_COMPLETED" # ATTRIBUTES "D:\HONG WEI\NPC_Boundary\NPC_SECTOR_ONLY_FeatureToPoi.shp"</Process><Process ToolSource="C:\Program Files\ArcGIS\ArcToolbox\Toolboxes\Data Management Tools.tbx\Project" Date="20150305" Time="120701">Project "D:\LaiHS\HSGB\Data\Quarterly Data Layer MHA\2015_2\zzUPDATE\UPDATED_NPC_Boundary\NPC_Boundary.gdb\ADMINISTRATIVE_BOUNDARY\NPC_SECTOR_ONLY_COMPLETED" "D:\LaiHS\HSGB\Data\Quarterly Data Layer MHA\2015_2\zzUPDATE\UPDATED_NPC_Boundary\NPC_Boundary.gdb\NPC_SECTOR_ONLY_COMPLETED_Pr" PROJCS['Transverse Mercator',GEOGCS['GCS_WGS_1984',DATUM['D_WGS_1984',SPHEROID['WGS_1984',6378137.0,298.257223563]],PRIMEM['Greenwich',0.0],UNIT['Degree',0.0174532925199433]],PROJECTION['Transverse_Mercator'],PARAMETER['False_Easting',28001.642],PARAMETER['False_Northing',38744.572],PARAMETER['Central_Meridian',103.8333333333333],PARAMETER['Scale_Factor',1.0],PARAMETER['Latitude_Of_Origin',1.366666666666667],UNIT['Meter',1.0]] # GEOGCS['GCS_WGS_1984',DATUM['D_WGS_1984',SPHEROID['WGS_1984',6378137.0,298.257223563]],PRIMEM['Greenwich',0.0],UNIT['Degree',0.0174532925199433]]</Process><Process ToolSource="C:\Program Files\ArcGIS\ArcToolbox\Toolboxes\Data Management Tools.tbx\Project" Date="20150305" Time="121120">Project "D:\LaiHS\HSGB\Data\Quarterly Data Layer MHA\2015_2\zzUPDATE\UPDATED_NPC_Boundary\NPC_Boundary.gdb\NPC_SECTOR_ONLY_COMPLETED_Pr" "D:\LaiHS\HSGB\Data\Quarterly Data Layer MHA\2015_2\zzUPDATE\UPDATED_NPC_Boundary\NPC_Boundary.gdb\NPC_SECTOR_ONLY_COMPLETED_Pr1" GEOGCS['GCS_WGS_1984',DATUM['D_WGS_1984',SPHEROID['WGS_1984',6378137.0,298.257223563]],PRIMEM['Greenwich',0.0],UNIT['Degree',0.0174532925199433]] # PROJCS['Transverse Mercator',GEOGCS['GCS_WGS_1984',DATUM['D_WGS_1984',SPHEROID['WGS_1984',6378137.0,298.257223563]],PRIMEM['Greenwich',0.0],UNIT['Degree',0.0174532925199433]],PROJECTION['Transverse_Mercator'],PARAMETER['False_Easting',28001.642],PARAMETER['False_Northing',38744.572],PARAMETER['Central_Meridian',103.8333333333333],PARAMETER['Scale_Factor',1.0],PARAMETER['Latitude_Of_Origin',1.366666666666667],UNIT['Meter',1.0]]</Process><Process ToolSource="C:\Program Files\ArcGIS\ArcToolbox\Toolboxes\Data Management Tools.tbx\Merge" Date="20150305" Time="123528">Merge 'D:\LaiHS\HSGB\Data\Quarterly Data Layer MHA\2015_2\zzUPDATE\UPDATED_NPC_Boundary\NPC_Boundary.gdb\ADMINISTRATIVE_BOUNDARY\NPC_SECTOR_ONLY_COMPLETED_1';'D:\LaiHS\HSGB\Data\Quarterly Data Layer MHA\2015_2\zzUPDATE\UPDATED_NPC_Boundary\NPC_Boundary.gdb\ADMINISTRATIVE_BOUNDARY\NPC_BOUNDARY_ONLY_COMPLETED_1' "D:\LaiHS\HSGB\Data\Quarterly Data Layer MHA\2015_2\zzUPDATE\UPDATED_NPC_Boundary\NPC_Boundary.gdb\ADMINISTRATIVE_BOUNDARY\NPC_SECTOR_ONLY_COMPLETED_1_" "NAME 'NAME' true true false 25 Text 0 0 ,First,#,D:\LaiHS\HSGB\Data\Quarterly Data Layer MHA\2015_2\zzUPDATE\UPDATED_NPC_Boundary\NPC_Boundary.gdb\ADMINISTRATIVE_BOUNDARY\NPC_SECTOR_ONLY_COMPLETED_1,NAME,-1,-1,D:\LaiHS\HSGB\Data\Quarterly Data Layer MHA\2015_2\zzUPDATE\UPDATED_NPC_Boundary\NPC_Boundary.gdb\ADMINISTRATIVE_BOUNDARY\NPC_BOUNDARY_ONLY_COMPLETED_1,NAME,-1,-1;Shape_A 'Shape_A' true true false 4 Long 0 0 ,First,#,D:\LaiHS\HSGB\Data\Quarterly Data Layer MHA\2015_2\zzUPDATE\UPDATED_NPC_Boundary\NPC_Boundary.gdb\ADMINISTRATIVE_BOUNDARY\NPC_SECTOR_ONLY_COMPLETED_1,Shape_A,-1,-1,D:\LaiHS\HSGB\Data\Quarterly Data Layer MHA\2015_2\zzUPDATE\UPDATED_NPC_Boundary\NPC_Boundary.gdb\ADMINISTRATIVE_BOUNDARY\NPC_BOUNDARY_ONLY_COMPLETED_1,Shape_A,-1,-1;Shape_L 'Shape_L' true true false 4 Long 0 0 ,First,#,D:\LaiHS\HSGB\Data\Quarterly Data Layer MHA\2015_2\zzUPDATE\UPDATED_NPC_Boundary\NPC_Boundary.gdb\ADMINISTRATIVE_BOUNDARY\NPC_SECTOR_ONLY_COMPLETED_1,Shape_L,-1,-1,D:\LaiHS\HSGB\Data\Quarterly Data Layer MHA\2015_2\zzUPDATE\UPDATED_NPC_Boundary\NPC_Boundary.gdb\ADMINISTRATIVE_BOUNDARY\NPC_BOUNDARY_ONLY_COMPLETED_1,Shape_L,-1,-1;FTYPE 'FTYPE' true true false 30 Text 0 0 ,First,#,D:\LaiHS\HSGB\Data\Quarterly Data Layer MHA\2015_2\zzUPDATE\UPDATED_NPC_Boundary\NPC_Boundary.gdb\ADMINISTRATIVE_BOUNDARY\NPC_SECTOR_ONLY_COMPLETED_1,FTYPE,-1,-1,D:\LaiHS\HSGB\Data\Quarterly Data Layer MHA\2015_2\zzUPDATE\UPDATED_NPC_Boundary\NPC_Boundary.gdb\ADMINISTRATIVE_BOUNDARY\NPC_BOUNDARY_ONLY_COMPLETED_1,FTYPE,-1,-1;NPC 'NPC' true true false 10 Text 0 0 ,First,#,D:\LaiHS\HSGB\Data\Quarterly Data Layer MHA\2015_2\zzUPDATE\UPDATED_NPC_Boundary\NPC_Boundary.gdb\ADMINISTRATIVE_BOUNDARY\NPC_SECTOR_ONLY_COMPLETED_1,NPC,-1,-1,D:\LaiHS\HSGB\Data\Quarterly Data Layer MHA\2015_2\zzUPDATE\UPDATED_NPC_Boundary\NPC_Boundary.gdb\ADMINISTRATIVE_BOUNDARY\NPC_BOUNDARY_ONLY_COMPLETED_1,NPC,-1,-1;Div 'Div' true true false 1 Text 0 0 ,First,#,D:\LaiHS\HSGB\Data\Quarterly Data Layer MHA\2015_2\zzUPDATE\UPDATED_NPC_Boundary\NPC_Boundary.gdb\ADMINISTRATIVE_BOUNDARY\NPC_SECTOR_ONLY_COMPLETED_1,Div,-1,-1,D:\LaiHS\HSGB\Data\Quarterly Data Layer MHA\2015_2\zzUPDATE\UPDATED_NPC_Boundary\NPC_Boundary.gdb\ADMINISTRATIVE_BOUNDARY\NPC_BOUNDARY_ONLY_COMPLETED_1,Div,-1,-1;OBJECTID 'OBJECTID' true true false 4 Long 0 0 ,First,#,D:\LaiHS\HSGB\Data\Quarterly Data Layer MHA\2015_2\zzUPDATE\UPDATED_NPC_Boundary\NPC_Boundary.gdb\ADMINISTRATIVE_BOUNDARY\NPC_SECTOR_ONLY_COMPLETED_1,OBJECTID,-1,-1,D:\LaiHS\HSGB\Data\Quarterly Data Layer MHA\2015_2\zzUPDATE\UPDATED_NPC_Boundary\NPC_Boundary.gdb\ADMINISTRATIVE_BOUNDARY\NPC_BOUNDARY_ONLY_COMPLETED_1,OBJECTID,-1,-1;Shape_Length 'Shape_Length' false true true 8 Double 0 0 ,First,#,D:\LaiHS\HSGB\Data\Quarterly Data Layer MHA\2015_2\zzUPDATE\UPDATED_NPC_Boundary\NPC_Boundary.gdb\ADMINISTRATIVE_BOUNDARY\NPC_SECTOR_ONLY_COMPLETED_1,Shape_Length,-1,-1,D:\LaiHS\HSGB\Data\Quarterly Data Layer MHA\2015_2\zzUPDATE\UPDATED_NPC_Boundary\NPC_Boundary.gdb\ADMINISTRATIVE_BOUNDARY\NPC_BOUNDARY_ONLY_COMPLETED_1,Shape_Length,-1,-1;Shape_Area 'Shape_Area' false true true 8 Double 0 0 ,First,#,D:\LaiHS\HSGB\Data\Quarterly Data Layer MHA\2015_2\zzUPDATE\UPDATED_NPC_Boundary\NPC_Boundary.gdb\ADMINISTRATIVE_BOUNDARY\NPC_SECTOR_ONLY_COMPLETED_1,Shape_Area,-1,-1,D:\LaiHS\HSGB\Data\Quarterly Data Layer MHA\2015_2\zzUPDATE\UPDATED_NPC_Boundary\NPC_Boundary.gdb\ADMINISTRATIVE_BOUNDARY\NPC_BOUNDARY_ONLY_COMPLETED_1,Shape_Area,-1,-1;GlobalID_1 'GlobalID_1' false false true 38 Long 0 0 ,First,#,D:\LaiHS\HSGB\Data\Quarterly Data Layer MHA\2015_2\zzUPDATE\UPDATED_NPC_Boundary\NPC_Boundary.gdb\ADMINISTRATIVE_BOUNDARY\NPC_SECTOR_ONLY_COMPLETED_1,GlobalID_1,-1,-1,D:\LaiHS\HSGB\Data\Quarterly Data Layer MHA\2015_2\zzUPDATE\UPDATED_NPC_Boundary\NPC_Boundary.gdb\ADMINISTRATIVE_BOUNDARY\NPC_BOUNDARY_ONLY_COMPLETED_1,GlobalID_1,-1,-1;GLOBALID 'GLOBALID' true true false 38 Text 0 0 ,First,#,D:\LaiHS\HSGB\Data\Quarterly Data Layer MHA\2015_2\zzUPDATE\UPDATED_NPC_Boundary\NPC_Boundary.gdb\ADMINISTRATIVE_BOUNDARY\NPC_SECTOR_ONLY_COMPLETED_1,GLOBALID,-1,-1,D:\LaiHS\HSGB\Data\Quarterly Data Layer MHA\2015_2\zzUPDATE\UPDATED_NPC_Boundary\NPC_Boundary.gdb\ADMINISTRATIVE_BOUNDARY\NPC_BOUNDARY_ONLY_COMPLETED_1,GLOBALID,-1,-1"</Process><Process ToolSource="C:\Program Files\ArcGIS\ArcToolbox\Toolboxes\Data Management Tools.tbx\CopyFeatures" Date="20150506" Time="084024">CopyFeatures "D:\LaiHS\HSGB\Data\Quarterly Data Layer MHA\2015_3\zzUPDATE\COMPLETED_TO BE QC\NPC_Boundary\NPC_Boundary.gdb\ADMINISTRATIVE_BOUNDARY\NPC_BOUNDARY_UPDATED" "D:\LaiHS\HSGB\Data\Quarterly Data Layer MHA\2015_3\zzUPDATE\COMPLETED_TO BE QC\NPC_Boundary\NPC_BOUNDARY_UPDATED.shp" # 0 0 0</Process><Process ToolSource="C:\Program Files\ArcGIS\ArcToolbox\Toolboxes\Data Management Tools.tbx\CopyFeatures" Date="20150506" Time="084613">CopyFeatures "D:\LaiHS\HSGB\Data\Quarterly Data Layer MHA\2015_3\zzUPDATE\COMPLETED_TO BE QC\NPC_Boundary\NPC_BOUNDARY_UPDATED.shp" "D:\LaiHS\HSGB\Data\Quarterly Data Layer MHA\2015_3\zzUPDATE\COMPLETED_TO BE QC\NPC_Boundary\NPC_Boundary.gdb\ADMINISTRATIVE_BOUNDARY\NPC_BOUNDARY_UPDATED" # 0 0 0</Process><Process ToolSource="C:\Program Files\ArcGIS\ArcToolbox\Toolboxes\Data Management Tools.tbx\CopyFeatures" Date="20150603" Time="173736">CopyFeatures Y:\Elvin\COASTLINE_OFFSHORE_ISLAND\RESTRICTED.gdb\NPC_Boundary "D:\LaiHS\HSGB\Data\Quarterly Data Layer MHA\2015_3\2015_3 RESTRICTED\GEODATABASE\RESTRICTED.gdb\ADMINISTRATIVE_BOUNDARY\NPC_Boundary" # 0 0 0</Process><Process ToolSource="C:\Program Files\ArcGIS\ArcToolbox\Toolboxes\Data Management Tools.tbx\CopyFeatures" Date="20150625" Time="122315">CopyFeatures "D:\LaiHS\HSGB\Data\Quarterly Data Layer MHA\2015_3\zzUPDATE\COMPLETED_TO BE QC\NPC_Boundary_230615.shp" "D:\LaiHS\HSGB\Data\Quarterly Data Layer MHA\2015_3\2015_3 RESTRICTED\GEODATABASE\RESTRICTED.gdb\ADMINISTRATIVE_BOUNDARY\NPC_Boundary_230615" # 0 0 0</Process><Process ToolSource="C:\Program Files\ArcGIS\ArcToolbox\Toolboxes\Data Management Tools.tbx\CopyFeatures" Date="20160411" Time="112911">CopyFeatures "D:\LaiHS\HSGB\Data\Quarterly Data Layer MHA\2016_3\2016_3 RESTRICTED\GEODATABASE\RESTRICTED.gdb\ADMINISTRATIVE_BOUNDARY\NPC_Boundary" "D:\LaiHS\HSGB\Data\Quarterly Data Layer MHA\2016_3\TO BE UPDATED\NPC\NPC_Update.gdb\NPC_Update\NPC_Boundary" # 0 0 0</Process><Process ToolSource="C:\Program Files\ArcGIS\ArcToolbox\Toolboxes\Data Management Tools.tbx\CopyFeatures" Date="20160707" Time="141302">CopyFeatures D:\LaiHS\Temp\Revert_Changes_NPC_Sector_Boundary\Revert_Changes_NPC_Sector_Boundary.gdb\Revert_Changes_NPC_Sector_Boundary\NPC_Boundary_2016_3 D:\LaiHS\Temp\Revert_Changes_NPC_Sector_Boundary\NPC_Boundary_2016_3.shp # 0 0 0</Process><Process ToolSource="C:\Program Files\ArcGIS\ArcToolbox\Toolboxes\Data Management Tools.tbx\CopyFeatures" Date="20160707" Time="141801">CopyFeatures D:\LaiHS\Temp\Revert_Changes_NPC_Sector_Boundary\NPC_Boundary_2016_3.shp "D:\LaiHS\Temp\Revert_Changes_NPC_Sector_Boundary\New File Geodatabase.gdb\AAA\NPC_Boundary_2016_3" # 0 0 0</Process><Process ToolSource="C:\Program Files\ArcGIS\ArcToolbox\Toolboxes\Data Management Tools.tbx\CopyFeatures" Date="20170328" Time="164123">CopyFeatures "D:\LaiHS\HSGB\Data\Quarterly Data Layer MHA\2017_2\2017_2 RESTRICTED\GEODATABASE\RESTRICTED.gdb\ADMINISTRATIVE_BOUNDARY\NPC_Boundary" "D:\LaiHS\HSGB\Data\Quarterly Data Layer MHA\2017_2\zzUPDATE\ADMINISTRATIVE_BOUNDARY.gdb\ADMINISTRATIVE_BOUNDARY\NPC_Boundary" # 0 0 0</Process><Process ToolSource="C:\Program Files\ArcGIS\ArcToolbox\Toolboxes\Data Management Tools.tbx\CopyFeatures" Date="20170331" Time="090818">CopyFeatures "D:\LaiHS\HSGB\Data\Quarterly Data Layer MHA\2017_2\zzUPDATE\ADMINISTRATIVE_BOUNDARY.gdb\ADMINISTRATIVE_BOUNDARY\NPC_Boundary" "D:\LaiHS\HSGB\Data\Quarterly Data Layer MHA\2017_2\2017_2 RESTRICTED\GEODATABASE\RESTRICTED.gdb\ADMINISTRATIVE_BOUNDARY\NPC_Boundary" # 0 0 0</Process><Process ToolSource="C:\Program Files\ArcGIS\ArcToolbox\Toolboxes\Data Management Tools.tbx\CopyFeatures" Date="20170627" Time="100515">CopyFeatures "D:\LaiHS\HSGB\Data\Quarterly Data Layer MHA\2017_3\2017_3 RESTRICTED\GEODATABASE\RESTRICTED.gdb\ADMINISTRATIVE_BOUNDARY\NPC_Boundary" "D:\LaiHS\HSGB\Data\Quarterly Data Layer MHA\2017_3\zzISSUE\OTHERS_2017_3\GEODATABASE\RESTRICTED.gdb\ADMINISTRATIVE_BOUNDARY\NPC_Boundary" # 0 0 0</Process><Process ToolSource="C:\Program Files\ArcGIS\ArcToolbox\Toolboxes\Data Management Tools.tbx\CopyFeatures" Date="20170717" Time="085125">CopyFeatures "D:\LaiHS\HSGB\Data\Quarterly Data Layer MHA\2017_4\2017_4_RESTRICTED\GEODATABASE\RESTRICTED.gdb\ADMINISTRATIVE_BOUNDARY\NPC_Boundary" "D:\LaiHS\HSGB\Data\Quarterly Data Layer MHA\2017_4\zzUPDATE\NPC_Boundary\NPC_Sector_Boundary.gdb\NPC_Sector_Boundary\NPC_Boundary" # 0 0 0</Process><Process ToolSource="C:\Program Files\ArcGIS\ArcToolbox\Toolboxes\Data Management Tools.tbx\CopyFeatures" Date="20170829" Time="090029">CopyFeatures "D:\LaiHS\HSGB\Data\Quarterly Data Layer MHA\2017_4\zzCOMPLETED_TO BE QC\NPC_Boundary_310717\NPC_Sector_Boundary.gdb\NPC_Sector_Boundary\NPC_Boundary" "D:\LaiHS\HSGB\Data\Quarterly Data Layer MHA\2017_4\2017_4_RESTRICTED\GEODATABASE\RESTRICTED.gdb\ADMINISTRATIVE_BOUNDARY\NPC_Boundary" # 0 0 0</Process><Process ToolSource="C:\Program Files\ArcGIS\ArcToolbox\Toolboxes\Data Management Tools.tbx\CopyFeatures" Date="20180224" Time="144806">CopyFeatures "D:\LaiHS\HSGB\Data\Quarterly Data Layer MHA\2018_2\zzCOMPLETED_TO BE QC\SPF_Boundary_Alignment Issues\SPF_Boundary.gdb\ADMINISTRATIVE_BOUNDARY\NPC_Boundary" "D:\LaiHS\HSGB\Data\Quarterly Data Layer MHA\2018_2\2018_2_RESTRICTED\GEODATABASE\RESTRICTED.gdb\ADMINISTRATIVE_BOUNDARY\NPC_Boundary" # 0 0 0</Process><Process ToolSource="C:\Program Files\ArcGIS\ArcToolbox\Toolboxes\Data Management Tools.tbx\CopyFeatures" Date="20180711" Time="085106">CopyFeatures D:\2018_4_FINAL\2018_4_RESTRICTED\GEODATABASE\RESTRICTED.gdb\ADMINISTRATIVE_BOUNDARY\NPC_Boundary D:\2019_1_PRE_RELEASE_DATA\2019_1_RESTRICTED\GEODATABASE\RESTRICTED.gdb\ADMINISTRATIVE_BOUNDARY\NPC_Boundary # 0 0 0</Process><Process ToolSource="C:\Program Files\ArcGIS\ArcToolbox\Toolboxes\Data Management Tools.tbx\CopyFeatures" Date="20181023" Time="080806">CopyFeatures "D:\LaiHS\HSGB\Data\Quarterly Data Layer MHA\2019_1_PRE_RELEASE_DATA\2019_1_RESTRICTED\GEODATABASE\RESTRICTED.gdb\ADMINISTRATIVE_BOUNDARY\NPC_Boundary" "D:\LaiHS\HSGB\Data\Quarterly Data Layer MHA\2019_1\2019_1_RESTRICTED\GEODATABASE\RESTRICTED.gdb\ADMINISTRATIVE_BOUNDARY\NPC_Boundary" # 0 0 0</Process><Process Name="Delete Features" ToolSource="c:\program files\arcgis\pro\Resources\ArcToolbox\toolboxes\Data Management Tools.tbx\DeleteFeatures" Date="20220119" Time="020624">DeleteFeatures "C:\Users\evie.HSGB\Documents\ArcGIS\Projects\OG\2021_4 HSGB Quarterly Data Release\2021_4 RESTRICTED\GEODATABASE\RESTRICTED.gdb\ADMINISTRATIVE_BOUNDARY\NPC_Boundary"</Process><Process Name="Append" ToolSource="c:\program files\arcgis\pro\Resources\ArcToolbox\toolboxes\Data Management Tools.tbx\Append" Date="20220119" Time="031623">Append C:\Users\evie.HSGB\Documents\ArcGIS\Projects\2022_1_transfer\2022_1_transfer.gdb\NPC_Boundary C:\Users\evie.HSGB\Documents\ArcGIS\Projects\2022_1_transfer\Facilities.gdb\ADMINISTRATIVE_BOUNDARY\NPC_Boundary "Use the Field Map to reconcile schema differences" "NAME "NAME" true true false 25 Text 0 0,First,#,C:\Users\evie.HSGB\Documents\ArcGIS\Projects\2022_1_transfer\2022_1_transfer.gdb\NPC_Boundary,NAME,0,25;Shape_A "Shape_A" true true false 4 Long 0 0,First,#,C:\Users\evie.HSGB\Documents\ArcGIS\Projects\2022_1_transfer\2022_1_transfer.gdb\NPC_Boundary,Shape_A,-1,-1;Shape_L "Shape_L" true true false 4 Long 0 0,First,#,C:\Users\evie.HSGB\Documents\ArcGIS\Projects\2022_1_transfer\2022_1_transfer.gdb\NPC_Boundary,Shape_L,-1,-1;FTYPE "FTYPE" true true false 30 Text 0 0,First,#,C:\Users\evie.HSGB\Documents\ArcGIS\Projects\2022_1_transfer\2022_1_transfer.gdb\NPC_Boundary,FTYPE,0,30;NPC "NPC" true true false 10 Text 0 0,First,#,C:\Users\evie.HSGB\Documents\ArcGIS\Projects\2022_1_transfer\2022_1_transfer.gdb\NPC_Boundary,NPC,0,10;Div "Div" true true false 1 Text 0 0,First,#,C:\Users\evie.HSGB\Documents\ArcGIS\Projects\2022_1_transfer\2022_1_transfer.gdb\NPC_Boundary,Div,0,1;GlobalID "GlobalID" false false true 38 GlobalID 0 0,First,#,C:\Users\evie.HSGB\Documents\ArcGIS\Projects\2022_1_transfer\2022_1_transfer.gdb\NPC_Boundary,GlobalID,0,38" # #</Process><Process ToolSource="c:\program files (x86)\arcgis\desktop10.7\ArcToolbox\Toolboxes\Data Management Tools.tbx\CalculateField" Date="20220704" Time="144837">CalculateField NPC_Boundary NPC None PYTHON_9.3 #</Process><Process ToolSource="c:\program files (x86)\arcgis\desktop10.7\ArcToolbox\Toolboxes\Data Management Tools.tbx\CalculateField" Date="20220704" Time="144852">CalculateField NPC_Boundary Div None PYTHON_9.3 #</Process><Process Name="Append" ToolSource="c:\program files\arcgis\pro\Resources\ArcToolbox\toolboxes\Data Management Tools.tbx\Append" Date="20220719" Time="150917">Append 'Z:\Team Evie\Working Data\2022_3 RESTRICTED_adhoc_20220718\GEODATABASE\RESTRICTED_20220718.gdb\ADMINISTRATIVE_BOUNDARY\NPC_Sector' "Z:\Team Evie\Working Data\2022_3 RESTRICTED_adhoc_20220718\GEODATABASE\RESTRICTED_20220718.gdb\ADMINISTRATIVE_BOUNDARY\NPC_Boundary_Test1" "Use the Field Map to reconcile schema differences" "NAME "NAME" true true false 25 Text 0 0,First,#,Z:\Team Evie\Working Data\2022_3 RESTRICTED_adhoc_20220718\GEODATABASE\RESTRICTED_20220718.gdb\ADMINISTRATIVE_BOUNDARY\NPC_Sector,NAME,0,25;Shape_A "Shape_A" true true false 4 Long 0 0,First,#,Z:\Team Evie\Working Data\2022_3 RESTRICTED_adhoc_20220718\GEODATABASE\RESTRICTED_20220718.gdb\ADMINISTRATIVE_BOUNDARY\NPC_Sector,Shape_A,-1,-1;Shape_L "Shape_L" true true false 4 Long 0 0,First,#,Z:\Team Evie\Working Data\2022_3 RESTRICTED_adhoc_20220718\GEODATABASE\RESTRICTED_20220718.gdb\ADMINISTRATIVE_BOUNDARY\NPC_Sector,Shape_L,-1,-1;FTYPE "FTYPE" true true false 30 Text 0 0,First,#,Z:\Team Evie\Working Data\2022_3 RESTRICTED_adhoc_20220718\GEODATABASE\RESTRICTED_20220718.gdb\ADMINISTRATIVE_BOUNDARY\NPC_Sector,FTYPE,0,30;NPC "NPC" true true false 10 Text 0 0,First,#,Z:\Team Evie\Working Data\2022_3 RESTRICTED_adhoc_20220718\GEODATABASE\RESTRICTED_20220718.gdb\ADMINISTRATIVE_BOUNDARY\NPC_Sector,NPC,0,10;Div "Div" true true false 1 Text 0 0,First,#,Z:\Team Evie\Working Data\2022_3 RESTRICTED_adhoc_20220718\GEODATABASE\RESTRICTED_20220718.gdb\ADMINISTRATIVE_BOUNDARY\NPC_Sector,Div,0,1" # #</Process><Process ToolSource="c:\program files (x86)\arcgis\desktop10.7\ArcToolbox\Toolboxes\Data Management Tools.tbx\CalculateField" Date="20220719" Time="170824">CalculateField NPC_Boundary_Test1 NAME [NPC] VB #</Process><Process ToolSource="c:\program files (x86)\arcgis\desktop10.7\ArcToolbox\Toolboxes\Data Management Tools.tbx\CalculateField" Date="20220721" Time="150536">CalculateField NPC_Boundary_New FTYPE "NPC BOUNDARY" VB #</Process><Process ToolSource="c:\program files (x86)\arcgis\desktop10.7\ArcToolbox\Toolboxes\Conversion Tools.tbx\FeatureClassToFeatureClass" Date="20231215" Time="134206">FeatureClassToFeatureClass "S:\zzPersonal Folders\LSH\~For Quarterly Release QC\~~2024 ED1 (Published in Jan 2024)\2024_1 RESTRICTED\GEODATABASE\RESTRICTED.gdb\ADMINISTRATIVE_BOUNDARY\NPC_Boundary" "S:\zzPersonal Folders\LSH\~For Quarterly Release QC\~~2024 ED1 (Published in Jan 2024)\2024_1 RESTRICTED\SHAPEFILE\ADMINISTRATIVE BOUNDARY" NPC_Boundary.shp # "NAME "NAME" true true false 25 Text 0 0 ,First,#,S:\zzPersonal Folders\LSH\~For Quarterly Release QC\~~2024 ED1 (Published in Jan 2024)\2024_1 RESTRICTED\GEODATABASE\RESTRICTED.gdb\ADMINISTRATIVE_BOUNDARY\NPC_Boundary,NAME,-1,-1;Shape_A "Shape_A" true true false 4 Long 0 0 ,First,#,S:\zzPersonal Folders\LSH\~For Quarterly Release QC\~~2024 ED1 (Published in Jan 2024)\2024_1 RESTRICTED\GEODATABASE\RESTRICTED.gdb\ADMINISTRATIVE_BOUNDARY\NPC_Boundary,Shape_A,-1,-1;Shape_L "Shape_L" true true false 4 Long 0 0 ,First,#,S:\zzPersonal Folders\LSH\~For Quarterly Release QC\~~2024 ED1 (Published in Jan 2024)\2024_1 RESTRICTED\GEODATABASE\RESTRICTED.gdb\ADMINISTRATIVE_BOUNDARY\NPC_Boundary,Shape_L,-1,-1;FTYPE "FTYPE" true true false 30 Text 0 0 ,First,#,S:\zzPersonal Folders\LSH\~For Quarterly Release QC\~~2024 ED1 (Published in Jan 2024)\2024_1 RESTRICTED\GEODATABASE\RESTRICTED.gdb\ADMINISTRATIVE_BOUNDARY\NPC_Boundary,FTYPE,-1,-1;NPC "NPC" true true false 10 Text 0 0 ,First,#,S:\zzPersonal Folders\LSH\~For Quarterly Release QC\~~2024 ED1 (Published in Jan 2024)\2024_1 RESTRICTED\GEODATABASE\RESTRICTED.gdb\ADMINISTRATIVE_BOUNDARY\NPC_Boundary,NPC,-1,-1;Div "Div" true true false 1 Text 0 0 ,First,#,S:\zzPersonal Folders\LSH\~For Quarterly Release QC\~~2024 ED1 (Published in Jan 2024)\2024_1 RESTRICTED\GEODATABASE\RESTRICTED.gdb\ADMINISTRATIVE_BOUNDARY\NPC_Boundary,Div,-1,-1;Shape_Leng "Shape_Length" false true true 8 Double 0 0 ,First,#,S:\zzPersonal Folders\LSH\~For Quarterly Release QC\~~2024 ED1 (Published in Jan 2024)\2024_1 RESTRICTED\GEODATABASE\RESTRICTED.gdb\ADMINISTRATIVE_BOUNDARY\NPC_Boundary,Shape_Length,-1,-1;Shape_Area "Shape_Area" false true true 8 Double 0 0 ,First,#,S:\zzPersonal Folders\LSH\~For Quarterly Release QC\~~2024 ED1 (Published in Jan 2024)\2024_1 RESTRICTED\GEODATABASE\RESTRICTED.gdb\ADMINISTRATIVE_BOUNDARY\NPC_Boundary,Shape_Area,-1,-1" #</Process></lineage><itemProps><itemLocation><linkage Sync="TRUE">file://\\hsgbad\DXO folder\zzPersonal Folders\LSH\~For Quarterly Release QC\~~2024 ED1 (Published in Jan 2024)\2024_1 RESTRICTED\SHAPEFILE\ADMINISTRATIVE BOUNDARY\NPC_Boundary.shp</linkage><protocol Sync="TRUE">Local Area Network</protocol></itemLocation><itemName Sync="TRUE">NPC_Boundary</itemName><imsContentType Sync="TRUE">002</imsContentType><itemSize Sync="TRUE">0.000</itemSize></itemProps><coordRef><type Sync="TRUE">Geographic</type><geogcsn Sync="TRUE">GCS_WGS_1984</geogcsn><csUnits Sync="TRUE">Angular Unit: Degree (0.017453)</csUnits><peXml Sync="TRUE">&lt;GeographicCoordinateSystem xsi:type='typens:GeographicCoordinateSystem' xmlns:xsi='http://www.w3.org/2001/XMLSchema-instance' xmlns:xs='http://www.w3.org/2001/XMLSchema' xmlns:typens='http://www.esri.com/schemas/ArcGIS/10.7'&gt;&lt;WKT&gt;GEOGCS[&amp;quot;GCS_WGS_1984&amp;quot;,DATUM[&amp;quot;D_WGS_1984&amp;quot;,SPHEROID[&amp;quot;WGS_1984&amp;quot;,6378137.0,298.257223563]],PRIMEM[&amp;quot;Greenwich&amp;quot;,0.0],UNIT[&amp;quot;Degree&amp;quot;,0.0174532925199433],AUTHORITY[&amp;quot;EPSG&amp;quot;,4326]]&lt;/WKT&gt;&lt;XOrigin&gt;-400&lt;/XOrigin&gt;&lt;YOrigin&gt;-400&lt;/YOrigin&gt;&lt;XYScale&gt;11258999068426.238&lt;/XYScale&gt;&lt;ZOrigin&gt;-100000&lt;/ZOrigin&gt;&lt;ZScale&gt;10000&lt;/ZScale&gt;&lt;MOrigin&gt;-100000&lt;/MOrigin&gt;&lt;MScale&gt;10000&lt;/MScale&gt;&lt;XYTolerance&gt;8.983152841195215e-09&lt;/XYTolerance&gt;&lt;ZTolerance&gt;0.001&lt;/ZTolerance&gt;&lt;MTolerance&gt;0.001&lt;/MTolerance&gt;&lt;HighPrecision&gt;true&lt;/HighPrecision&gt;&lt;LeftLongitude&gt;-180&lt;/LeftLongitude&gt;&lt;WKID&gt;4326&lt;/WKID&gt;&lt;LatestWKID&gt;4326&lt;/LatestWKID&gt;&lt;/GeographicCoordinateSystem&gt;</peXml></coordRef></DataProperties><ArcGISFormat>1.0</ArcGISFormat><ArcGISstyle>ISO 19139 Metadata Implementation Specification GML3.2</ArcGISstyle></Esri><metainfo><metd Sync="TRUE">20181023</metd><langmeta Sync="TRUE">en</langmeta><metstdn Sync="TRUE">FGDC Content Standards for Digital Geospatial Metadata</metstdn><metstdv Sync="TRUE">FGDC-STD-001-1998</metstdv><mettc Sync="TRUE">local time</mettc><metc><cntinfo><cntorgp><cntper>REQUIRED: The person responsible for the metadata information.</cntper><cntorg>REQUIRED: The organization responsible for the metadata information.</cntorg></cntorgp><cntaddr><addrtype>REQUIRED: The mailing and/or physical address for the organization or individual.</addrtype><city>REQUIRED: The city of the address.</city><state>REQUIRED: The state or province of the address.</state><postal>REQUIRED: The ZIP or other postal code of the address.</postal></cntaddr><cntvoice>REQUIRED: The telephone number by which individuals can speak to the organization or individual.</cntvoice></cntinfo></metc></metainfo><dataqual><lineage><procstep><procdesc Sync="TRUE">Metadata imported.</procdesc><srcused Sync="TRUE">S:\Initiatives\METADATA\Metadata_Template.xml</srcused><procdate Sync="TRUE">20100218</procdate><proctime Sync="TRUE">15262700</proctime></procstep><procstep><procdesc Sync="TRUE">Dataset copied.</procdesc><srcused Sync="TRUE">Server=hsgbdb; Service=sde:oracle10g; Database=hsgbprod; User=hsgbadm; Version=SDE.DEFAULT</srcused><procdate Sync="TRUE">20100326</procdate><proctime Sync="TRUE">13215900</proctime></procstep><procstep><procdesc Sync="TRUE">Dataset copied.</procdesc><srcused Sync="TRUE">\\HSGB3\D\LATEST SDE.gdb</srcused><procdate Sync="TRUE">20100326</procdate><proctime Sync="TRUE">13561000</proctime></procstep><procstep><procdesc Sync="TRUE">Dataset copied.</procdesc><srcused Sync="TRUE">Server=hsgbdb; Service=sde:oracle10g; Database=hsgbprod; User=hsgbadm; Version=SDE.DEFAULT</srcused><procdate Sync="TRUE">20100330</procdate><proctime Sync="TRUE">13545600</proctime></procstep><procstep><procdesc Sync="TRUE">Dataset copied.</procdesc><srcused Sync="TRUE">\\HSGB6\C\backup\2010_2\DISCS\SECRET\SECRET.gdb</srcused><procdate Sync="TRUE">20100401</procdate><proctime Sync="TRUE">13002100</proctime></procstep><procstep><procdesc Sync="TRUE">Dataset copied.</procdesc><srcused Sync="TRUE">Server=hsgbdb; Service=sde:oracle10g; Database=hsgbprod; User=hsgbadm; Version=SDE.DEFAULT</srcused><procdate Sync="TRUE">20100930</procdate><proctime Sync="TRUE">09020600</proctime></procstep><procstep><procdesc Sync="TRUE">Dataset copied.</procdesc><srcused Sync="TRUE">\\Hsgbad\Shared Folders\NSF\HSGB FOLDER\MHA\SECRET\GEODATABASE\SECRET.gdb</srcused><procdate Sync="TRUE">20101001</procdate><proctime Sync="TRUE">08222100</proctime></procstep><procstep><procdesc Sync="TRUE">Dataset copied.</procdesc><srcused Sync="TRUE">\\HSGB2\D\LaiHS\HSGB\Data\Quarterly Data Layer MHA\2011_1\SECRET\GEODATABASE\SECRET.gdb</srcused><procdate Sync="TRUE">20110106</procdate><proctime Sync="TRUE">11510900</proctime></procstep><procstep><procdesc Sync="TRUE">Dataset copied.</procdesc><srcused Sync="TRUE">\\HSGB7\D\LaiHS\HSGB\Data\Quarterly Data Layer MHA\2011_2\2011_2 SECRET\GEODATABASE\SECRET.gdb</srcused><procdate Sync="TRUE">20110330</procdate><proctime Sync="TRUE">08164700</proctime></procstep><procstep><procdesc Sync="TRUE">Dataset copied.</procdesc><srcused Sync="TRUE">\\HSGB7\D\LaiHS\HSGB\Data\Quarterly Data Layer MHA\2011_3\2011_3 SECRET\GEODATABASE\SECRET.gdb</srcused><procdate Sync="TRUE">20110622</procdate><proctime Sync="TRUE">13303800</proctime></procstep><procstep><procdesc Sync="TRUE">Dataset copied.</procdesc><srcused Sync="TRUE">\\HSGB7\D\LaiHS\HSGB\Data\Quarterly Data Layer MHA\2011_4\2011_3 SECRET\GEODATABASE\SECRET.gdb</srcused><procdate Sync="TRUE">20111005</procdate><proctime Sync="TRUE">14035900</proctime></procstep><procstep><procdesc Sync="TRUE">Dataset copied.</procdesc><srcused Sync="TRUE">\\HSGB7\D\LaiHS\HSGB\Data\Quarterly Data Layer MHA\2012_1\2012_1 RESTRICTED\GEODATABASE\RESTRICTED.gdb</srcused><procdate Sync="TRUE">20120109</procdate><proctime Sync="TRUE">12315300</proctime></procstep><procstep><procdesc Sync="TRUE">Dataset copied.</procdesc><srcused Sync="TRUE">\\HSGB7\D\LaiHS\HSGB\Data\Quarterly Data Layer MHA\2012_2\2012_2 RESTRICTED\GEODATABASE\RESTRICTED.gdb</srcused><procdate Sync="TRUE">20120326</procdate><proctime Sync="TRUE">09111900</proctime></procstep><procstep><procdesc Sync="TRUE">Dataset copied.</procdesc><srcused Sync="TRUE">\\HSGB7\D\LaiHS\HSGB\Data\Quarterly Data Layer MHA\2012_2\2012_2 RESTRICTED\GEODATABASE\RESTRICTED.gdb</srcused><procdate Sync="TRUE">20120411</procdate><proctime Sync="TRUE">14585900</proctime></procstep><procstep><procdesc Sync="TRUE">Dataset copied.</procdesc><srcused Sync="TRUE">\\HSGB16\D\LEONLAI\New File Geodatabase.gdb</srcused><procdate Sync="TRUE">20120411</procdate><proctime Sync="TRUE">15504000</proctime></procstep><procstep><procdesc Sync="TRUE">Dataset copied.</procdesc><srcused Sync="TRUE">\\HSGB16\D\LEONLAI\New File Geodatabase.gdb</srcused><procdate Sync="TRUE">20120412</procdate><proctime Sync="TRUE">09271300</proctime></procstep><procstep><procdesc Sync="TRUE">Dataset copied.</procdesc><srcused Sync="TRUE">D:\LEONLAI\BOUNDARY_NPC_SECTORS120412</srcused><procdate Sync="TRUE">20120412</procdate><proctime Sync="TRUE">09290100</proctime></procstep><procstep><procdesc Sync="TRUE">Dataset moved.</procdesc><srcused Sync="TRUE">X:\aaOTHERS\LAI_HAN_SENG\SPF\LEON\LEON\BOUNDARY_NPC_SECTORS120412</srcused><procdate Sync="TRUE">20120413</procdate><proctime Sync="TRUE">10175600</proctime></procstep><procstep><procdesc Sync="TRUE">Dataset copied.</procdesc><srcused Sync="TRUE">D:\LEONLAI\LEON\BOUNDARY_NPC_SECTORS_160412_POLYGON</srcused><procdate Sync="TRUE">20120416</procdate><proctime Sync="TRUE">10244300</proctime></procstep><procstep><procdesc Sync="TRUE">Dataset copied.</procdesc><srcused Sync="TRUE"></srcused><procdate Sync="TRUE">20120416</procdate><proctime Sync="TRUE">11281400</proctime></procstep><procstep><procdesc Sync="TRUE">Dataset copied.</procdesc><srcused Sync="TRUE"></srcused><procdate Sync="TRUE">20120416</procdate><proctime Sync="TRUE">11303200</proctime></procstep><procstep><procdesc Sync="TRUE">Dataset copied.</procdesc><srcused Sync="TRUE">\\Hsgbad\NSF\aaOTHERS\DERRICK\2012_3 RESTRICTED\GEODATABASE\RESTRICTED.gdb</srcused><procdate Sync="TRUE">20120703</procdate><proctime Sync="TRUE">16302400</proctime></procstep><procstep><procdesc Sync="TRUE">Dataset copied.</procdesc><srcused Sync="TRUE">\\Hsgbad\NSF\aaOTHERS\DERRICK\2012_3 RESTRICTED\GEODATABASE\RESTRICTED.gdb</srcused><procdate Sync="TRUE">20120703</procdate><proctime Sync="TRUE">16341800</proctime></procstep><procstep><procdesc Sync="TRUE">Dataset copied.</procdesc><srcused Sync="TRUE">\\Hsgbad\NSF\aaOTHERS\DERRICK\2012_3 RESTRICTED\GEODATABASE\RESTRICTED.gdb</srcused><procdate Sync="TRUE">20120703</procdate><proctime Sync="TRUE">16482600</proctime></procstep><procstep><procdesc Sync="TRUE">Dataset copied.</procdesc><srcused Sync="TRUE">\\HSGB7\D\LaiHS\HSGB\Data\Quarterly Data Layer MHA\2012_3\2012_3 RESTRICTED\GEODATABASE\RESTRICTED.gdb</srcused><procdate Sync="TRUE">20120705</procdate><proctime Sync="TRUE">13225100</proctime></procstep><procstep><procdesc Sync="TRUE">Dataset copied.</procdesc><srcused Sync="TRUE">\\HSGB7\D\LaiHS\HSGB\Data\Quarterly Data Layer MHA\2012_4\2012_4 RESTRICTED\GEODATABASE\RESTRICTED.gdb</srcused><procdate Sync="TRUE">20120806</procdate><proctime Sync="TRUE">13385900</proctime></procstep><procstep><procdesc Sync="TRUE">Dataset copied.</procdesc><srcused Sync="TRUE">\\HSGB7\D\LaiHS\HSGB\Data\Quarterly Data Layer MHA\2012_4\zzNEW\NPC_BOUNDARY\NPC_Boundary_Sector.gdb</srcused><procdate Sync="TRUE">20120906</procdate><proctime Sync="TRUE">08535600</proctime></procstep><procstep><procdesc Sync="TRUE">Dataset copied.</procdesc><srcused Sync="TRUE">\\HSGB7\D\LaiHS\HSGB\Data\Quarterly Data Layer MHA\2012_4\2012_4 RESTRICTED_NOTE CLASSIFIED INSTALLTION\GEODATABASE\RESTRICTED.gdb</srcused><procdate Sync="TRUE">20121003</procdate><proctime Sync="TRUE">14374700</proctime></procstep><procstep><procdesc Sync="TRUE">Dataset copied.</procdesc><srcused Sync="TRUE">\\HSGBWS7-CPU\D\LaiHS\HSGB\Data\Quarterly Data Layer MHA\2013_1\2013_1 RESTRICTED\GEODATABASE\RESTRICTED.gdb</srcused><procdate Sync="TRUE">20130107</procdate><proctime Sync="TRUE">14295500</proctime></procstep><procstep><procdesc Sync="TRUE">Dataset copied.</procdesc><srcused Sync="TRUE">\\HSGBWS7-CPU\D\LaiHS\HSGB\Data\Quarterly Data Layer MHA\2013_2\2013_2 RESTRICTED\GEODATABASE\RESTRICTED.gdb</srcused><procdate Sync="TRUE">20130409</procdate><proctime Sync="TRUE">13270600</proctime></procstep><procstep><procdesc Sync="TRUE">Dataset copied.</procdesc><srcused Sync="TRUE">\\HSGBWS7-CPU\D\LaiHS\HSGB\Data\Quarterly Data Layer MHA\2013_3\2013_3 RESTRICTED\GEODATABASE\RESTRICTED.gdb</srcused><procdate Sync="TRUE">20130506</procdate><proctime Sync="TRUE">15385700</proctime></procstep><procstep><procdesc Sync="TRUE">Dataset copied.</procdesc><srcused Sync="TRUE">\\HSGBWS7-CPU\D\LaiHS\HSGB\Data\Quarterly Data Layer MHA\2013_3\2013_3 RESTRICTED\GEODATABASE\RESTRICTED.gdb</srcused><procdate Sync="TRUE">20130522</procdate><proctime Sync="TRUE">08403100</proctime></procstep><procstep><procdesc Sync="TRUE">Dataset copied.</procdesc><srcused Sync="TRUE">\\HSGBWS7-CPU\D\LaiHS\HSGB\Data\Quarterly Data Layer MHA\2013_3\RELEASE\2013_3 RESTRICTED\GEODATABASE\RESTRICTED.gdb</srcused><procdate Sync="TRUE">20130702</procdate><proctime Sync="TRUE">08300800</proctime></procstep><procstep><procdesc Sync="TRUE">Dataset copied.</procdesc><srcused Sync="TRUE">\\HSGBWS07-CPU\D\LaiHS\HSGB\Data\Quarterly Data Layer MHA\2013_4\2013_4 RESTRICTED\GEODATABASE\RESTRICTED.gdb</srcused><procdate Sync="TRUE">20130930</procdate><proctime Sync="TRUE">08262000</proctime></procstep><procstep><procdesc Sync="TRUE">Dataset copied.</procdesc><srcused Sync="TRUE">\\HSGBWS07-CPU\D\LaiHS\HSGB\Data\Quarterly Data Layer MHA\2014_1\2014_1 RESTRICTED\GEODATABASE\RESTRICTED.gdb</srcused><procdate Sync="TRUE">20140107</procdate><proctime Sync="TRUE">08312100</proctime></procstep><procstep><procdesc Sync="TRUE">Dataset copied.</procdesc><srcused Sync="TRUE">\\HSGBWS07-CPU\D\LaiHS\HSGB\Data\Quarterly Data Layer MHA\2014_2\2014_2 RESTRICTED\GEODATABASE\RESTRICTED.gdb</srcused><procdate Sync="TRUE">20140401</procdate><proctime Sync="TRUE">09024200</proctime></procstep><procstep><procdesc Sync="TRUE">Dataset copied.</procdesc><srcused Sync="TRUE">\\HSGBWS07-CPU\D\LaiHS\HSGB\Data\Quarterly Data Layer MHA\2014_3\2014_3 RESTRICTED\GEODATABASE\RESTRICTED.gdb</srcused><procdate Sync="TRUE">20140626</procdate><proctime Sync="TRUE">08043100</proctime></procstep><procstep><procdesc Sync="TRUE">Dataset copied.</procdesc><srcused Sync="TRUE">\\HSGBWS07-CPU\D\LaiHS\HSGB\Data\Quarterly Data Layer MHA\2014_4\2014_4 RESTRICTED\GEODATABASE\RESTRICTED.gdb</srcused><procdate Sync="TRUE">20140815</procdate><proctime Sync="TRUE">12271800</proctime></procstep><procstep><procdesc Sync="TRUE">Dataset copied.</procdesc><srcused Sync="TRUE">\\HSGBWS07-CPU\D\LaiHS\HSGB\Data\Quarterly Data Layer MHA\2014_4\zzNEW_UPDATE\NPC_Boundary_Updated\GEODATABASE\RESTRICTED.gdb</srcused><procdate Sync="TRUE">20140818</procdate><proctime Sync="TRUE">14385500</proctime></procstep><procstep><procdesc Sync="TRUE">Dataset copied.</procdesc><srcused Sync="TRUE">\\HSGBWS07-CPU\D\LaiHS\HSGB\Data\Quarterly Data Layer MHA\2014_4\2014_4 RESTRICTED\GEODATABASE\RESTRICTED.gdb</srcused><procdate Sync="TRUE">20141002</procdate><proctime Sync="TRUE">09332400</proctime></procstep><procstep><procdesc Sync="TRUE">Dataset copied.</procdesc><srcused Sync="TRUE">\\HSGBWS07-CPU\D\LaiHS\HSGB\Data\Quarterly Data Layer MHA\2015_1\2015_1 RESTRICTED\GEODATABASE\RESTRICTED.gdb</srcused><procdate Sync="TRUE">20150105</procdate><proctime Sync="TRUE">10283900</proctime></procstep><procstep><procdesc Sync="TRUE">Dataset copied.</procdesc><srcused Sync="TRUE">\\HSGBWS07-CPU\D\LaiHS\HSGB\Data\Quarterly Data Layer MHA\2015_1a\2015_1 RESTRICTED\GEODATABASE\RESTRICTED.gdb</srcused><procdate Sync="TRUE">20150128</procdate><proctime Sync="TRUE">13173200</proctime></procstep><procstep><procdesc Sync="TRUE">Dataset copied.</procdesc><srcused Sync="TRUE">\\HSGBWS07-CPU\D\LaiHS\HSGB\Data\Quarterly Data Layer MHA\2015_1\2015_1 RESTRICTEDa\GEODATABASE\RESTRICTED.gdb</srcused><procdate Sync="TRUE">20150128</procdate><proctime Sync="TRUE">13451900</proctime></procstep><procstep><procdesc Sync="TRUE">Dataset copied.</procdesc><srcused Sync="TRUE">\\HSGBWS07-CPU\D\LaiHS\HSGB\Data\Quarterly Data Layer MHA\2015_2\2015_2 RESTRICTED\GEODATABASE\RESTRICTED.gdb</srcused><procdate Sync="TRUE">20150302</procdate><proctime Sync="TRUE">14053300</proctime></procstep><procstep><procdesc Sync="TRUE">Dataset copied.</procdesc><srcused Sync="TRUE">\\WS5-CPU\D\HONG WEI\NPC_Boundary\NPC_Boundary.gdb</srcused><procdate Sync="TRUE">20150303</procdate><proctime Sync="TRUE">09173400</proctime></procstep><procstep><procdesc Sync="TRUE">Dataset copied.</procdesc><srcused Sync="TRUE">\\HSGBWS07-CPU\D\LaiHS\HSGB\Data\Quarterly Data Layer MHA\2015_2\zzUPDATE\UPDATED_NPC_Boundary\NPC_Boundary.gdb</srcused><procdate Sync="TRUE">20150305</procdate><proctime Sync="TRUE">12070000</proctime></procstep><procstep><procdesc Sync="TRUE">Dataset copied.</procdesc><srcused Sync="TRUE">\\HSGBWS07-CPU\D\LaiHS\HSGB\Data\Quarterly Data Layer MHA\2015_2\zzUPDATE\UPDATED_NPC_Boundary\NPC_Boundary.gdb</srcused><procdate Sync="TRUE">20150305</procdate><proctime Sync="TRUE">12111900</proctime></procstep><procstep><procdesc Sync="TRUE">Dataset copied.</procdesc><srcused Sync="TRUE">\\HSGBWS07-CPU\D\LaiHS\HSGB\Data\Quarterly Data Layer MHA\2015_3\zzUPDATE\COMPLETED_TO BE QC\NPC_Boundary\NPC_Boundary.gdb</srcused><procdate Sync="TRUE">20150506</procdate><proctime Sync="TRUE">09023400</proctime></procstep><procstep><procdesc Sync="TRUE">Dataset copied.</procdesc><srcused Sync="TRUE">\\WS15-CPU\C$\ELVIN\COASTLINE_OFFSHORE_ISLAND_EDITS\Coastline_Offshore_Islands_06MAY\RESTRICTED.gdb</srcused><procdate Sync="TRUE">20150528</procdate><proctime Sync="TRUE">13023600</proctime></procstep><procstep><procdesc Sync="TRUE">Dataset copied.</procdesc><srcused Sync="TRUE">\\HSGBWS07-CPU\D\LaiHS\HSGB\Data\Quarterly Data Layer MHA\2015_3\2015_3 RESTRICTED\GEODATABASE\RESTRICTED.gdb</srcused><procdate Sync="TRUE">20150617</procdate><proctime Sync="TRUE">14172600</proctime></procstep><procstep><procdesc Sync="TRUE">Dataset copied.</procdesc><srcused Sync="TRUE">\\WS15-CPU\C\ELVIN\NPC Boundary and NPC Sector_JUN15\RESTRICTED.gdb</srcused><procdate Sync="TRUE">20150618</procdate><proctime Sync="TRUE">08370900</proctime></procstep><procstep><procdesc Sync="TRUE">Dataset copied.</procdesc><srcused Sync="TRUE">C:\ELVIN\NPC Boundary and NPC Sector_JUN15\NPC_Boundary</srcused><procdate Sync="TRUE">20150623</procdate><proctime Sync="TRUE">09144100</proctime></procstep><procstep><procdesc Sync="TRUE">Dataset copied.</procdesc><srcused Sync="TRUE">Y:\Elvin\NPC Boundary and NPC Sector_JUN15\NPC_Boundary_230615</srcused><procdate Sync="TRUE">20150625</procdate><proctime Sync="TRUE">12215100</proctime></procstep><procstep><procdesc Sync="TRUE">Dataset copied.</procdesc><srcused Sync="TRUE">\\HSGBWS07-CPU\D\LaiHS\HSGB\Data\Quarterly Data Layer MHA\2015_3\2015_3 RESTRICTED\GEODATABASE\RESTRICTED.gdb</srcused><procdate Sync="TRUE">20150701</procdate><proctime Sync="TRUE">08233300</proctime></procstep><procstep><procdesc Sync="TRUE">Dataset copied.</procdesc><srcused Sync="TRUE">\\HSGBWS07-CPU\D\LaiHS\HSGB\Data\Quarterly Data Layer MHA\2015_4\2015_4 RESTRICTED\GEODATABASE\RESTRICTED.gdb</srcused><procdate Sync="TRUE">20151007</procdate><proctime Sync="TRUE">09494800</proctime></procstep><procstep><procdesc Sync="TRUE">Dataset copied.</procdesc><srcused Sync="TRUE">\\HSGBWS07-CPU\D\LaiHS\HSGB\Data\Quarterly Data Layer MHA\2016_1\2016_1 RESTRICTED\GEODATABASE\RESTRICTED.gdb</srcused><procdate Sync="TRUE">20160114</procdate><proctime Sync="TRUE">08230700</proctime></procstep><procstep><procdesc Sync="TRUE">Dataset copied.</procdesc><srcused Sync="TRUE">\\HSGBWS07-CPU\D\LaiHS\HSGB\Data\Quarterly Data Layer MHA\2016_1\2016_1 RESTRICTED\GEODATABASE\RESTRICTED.gdb</srcused><procdate Sync="TRUE">20160204</procdate><proctime Sync="TRUE">14202200</proctime></procstep><procstep><procdesc Sync="TRUE">Dataset copied.</procdesc><srcused Sync="TRUE">\\HSGBWS07-CPU\D\LaiHS\HSGB\Data\Quarterly Data Layer MHA\2016_2\TO BE UPDATED\COMPLETED_TO BE QC\NPC_Boundary and Sector_020216\2016_1\2016_1 RESTRICTED\GEODATABASE\RESTRICTED.gdb</srcused><procdate Sync="TRUE">20160204</procdate><proctime Sync="TRUE">15124900</proctime></procstep><procstep><procdesc Sync="TRUE">Dataset copied.</procdesc><srcused Sync="TRUE">\\HSGBWS07-CPU\D\LaiHS\Temp\2016_2 RESTRICTED\GEODATABASE\RESTRICTED.gdb</srcused><procdate Sync="TRUE">20160322</procdate><proctime Sync="TRUE">15533900</proctime></procstep><procstep><procdesc Sync="TRUE">Dataset copied.</procdesc><srcused Sync="TRUE">\\HSGBWS07-CPU\D\LaiHS\HSGB\Data\Quarterly Data Layer MHA\2016_3\TO BE UPDATED\zzCOMPLETED_TO BE QC\NPC_030516\NPC_Update.gdb</srcused><procdate Sync="TRUE">20160506</procdate><proctime Sync="TRUE">16373300</proctime></procstep><procstep><procdesc Sync="TRUE">Dataset copied.</procdesc><srcused Sync="TRUE">\\HSGBWS07-CPU\D\LaiHS\HSGB\Data\Quarterly Data Layer MHA\2016_3\2016_3 RESTRICTED\GEODATABASE\RESTRICTED.gdb</srcused><procdate Sync="TRUE">20160705</procdate><proctime Sync="TRUE">14352400</proctime></procstep><procstep><procdesc Sync="TRUE">Dataset copied.</procdesc><srcused Sync="TRUE">\\HSGBWS07-CPU\D\LaiHS\Temp\Revert_Changes_NPC_Sector_Boundary\New File Geodatabase.gdb</srcused><procdate Sync="TRUE">20160707</procdate><proctime Sync="TRUE">14343700</proctime></procstep><procstep><procdesc Sync="TRUE">Dataset copied.</procdesc><srcused Sync="TRUE">\\HSGBWS07-CPU\D\LaiHS\HSGB\Data\Quarterly Data Layer MHA\2016_3a\2016_3 RESTRICTED\GEODATABASE\RESTRICTED.gdb</srcused><procdate Sync="TRUE">20160715</procdate><proctime Sync="TRUE">08583100</proctime></procstep><procstep><procdesc Sync="TRUE">Dataset copied.</procdesc><srcused Sync="TRUE">\\HSGBWS07-CPU\D\LaiHS\HSGB\Data\Quarterly Data Layer MHA\2016_4\2016_4 RESTRICTED\GEODATABASE\RESTRICTED.gdb</srcused><procdate Sync="TRUE">20161005</procdate><proctime Sync="TRUE">11422000</proctime></procstep><procstep><procdesc Sync="TRUE">Dataset copied.</procdesc><srcused Sync="TRUE">\\HSGBWS07-CPU\D\LaiHS\HSGB\Data\Quarterly Data Layer MHA\2017_1\2017_1 RESTRICTED\GEODATABASE\RESTRICTED.gdb</srcused><procdate Sync="TRUE">20161222</procdate><proctime Sync="TRUE">08504300</proctime></procstep><procstep><procdesc Sync="TRUE">Dataset copied.</procdesc><srcused Sync="TRUE">\\Hsgbad\DXO Folder\zzPersonal Folders\DOROTHY\2017_2working\2017_2 RESTRICTED\GEODATABASE\RESTRICTED.gdb</srcused><procdate Sync="TRUE">20170405</procdate><proctime Sync="TRUE">17374100</proctime></procstep><procstep><procdesc Sync="TRUE">Dataset copied.</procdesc><srcused Sync="TRUE">\\WS4-CPU\D\AA_Jen_Working\AA_QC from HSGB\JULY_RELEASE_2017\Quarterly Data for MHA\OTHERS_2017_3\GEODATABASE\RESTRICTED.gdb</srcused><procdate Sync="TRUE">20170704</procdate><proctime Sync="TRUE">16042800</proctime></procstep><procstep><procdesc Sync="TRUE">Dataset copied.</procdesc><srcused Sync="TRUE">\\HSGBWS07-CPU\D\LaiHS\HSGB\Data\Quarterly Data Layer MHA\2017_4\2017_4_RESTRICTED\GEODATABASE\RESTRICTED.gdb</srcused><procdate Sync="TRUE">20171002</procdate><proctime Sync="TRUE">09391600</proctime></procstep><procstep><procdesc Sync="TRUE">Dataset copied.</procdesc><srcused Sync="TRUE">\\WS6-CPU\D\Dorothy\FOR OCT 2017 RELEASE\OTHERS_2017_4\2017_4_RESTRICTED\GEODATABASE\RESTRICTED.gdb</srcused><procdate Sync="TRUE">20171004</procdate><proctime Sync="TRUE">09194200</proctime></procstep><procstep><procdesc Sync="TRUE">Dataset copied.</procdesc><srcused Sync="TRUE">\\HSGBWS07-CPU\D\LaiHS\HSGB\Data\Quarterly Data Layer MHA\2017_4\2017_4_RESTRICTED\GEODATABASE\RESTRICTED.gdb</srcused><procdate Sync="TRUE">20171207</procdate><proctime Sync="TRUE">11591700</proctime></procstep><procstep><procdesc Sync="TRUE">Dataset copied.</procdesc><srcused Sync="TRUE">\\WS7-CPU\D\LaiHS\HSGB\Data\Quarterly Data Layer MHA\2018_2\2018_2_RESTRICTED\GEODATABASE\RESTRICTED.gdb</srcused><procdate Sync="TRUE">20180411</procdate><proctime Sync="TRUE">15590000</proctime></procstep><procstep><procdesc Sync="TRUE">Dataset copied.</procdesc><srcused Sync="TRUE">\\WS1-CPU\D\2018_4_FINAL\2018_4_RESTRICTED\GEODATABASE\RESTRICTED.gdb</srcused><procdate Sync="TRUE">20180619</procdate><proctime Sync="TRUE">12582600</proctime></procstep><procstep><procdesc Sync="TRUE">Dataset copied.</procdesc><srcused Sync="TRUE">\\WS1-CPU\D\2018_4_FINAL\2018_4_RESTRICTED\GEODATABASE\RESTRICTED.gdb</srcused><procdate Sync="TRUE">20180710</procdate><proctime Sync="TRUE">08521600</proctime></procstep><procstep><procdesc Sync="TRUE">Dataset copied.</procdesc><srcused Sync="TRUE">\\WS1-CPU\D\2018_4_FINAL\2018_4_RESTRICTED\GEODATABASE\RESTRICTED.gdb</srcused><procdate Sync="TRUE">20180711</procdate><proctime Sync="TRUE">08335100</proctime></procstep><procstep><procdesc Sync="TRUE">Dataset copied.</procdesc><srcused Sync="TRUE">\\WS7-CPU\D\LaiHS\HSGB\Data\Quarterly Data Layer MHA\2019_1\2019_1_RESTRICTED\GEODATABASE\RESTRICTED.gdb</srcused><procdate Sync="TRUE">20181213</procdate><proctime Sync="TRUE">16185700</proctime></procstep><procstep><procdesc Sync="TRUE">Dataset copied.</procdesc><srcused Sync="TRUE">\\WS6-CPU\D\Dorothy\Data for Q1 2019\2019_1_OTHERS_For Jennifer\2019_1\2019_1_RESTRICTED\GEODATABASE\RESTRICTED.gdb</srcused><procdate Sync="TRUE">20190103</procdate><proctime Sync="TRUE">14580800</proctime></procstep><procstep><procdesc Sync="TRUE">Dataset copied.</procdesc><srcused Sync="TRUE">\\WS7-CPU\D\LaiHS\HSGB\Data\Quarterly Data Layer MHA\2019_2\2019_2_RESTRICTED\GEODATABASE\RESTRICTED.gdb</srcused><procdate Sync="TRUE">20190402</procdate><proctime Sync="TRUE">08365500</proctime></procstep><procstep><procdesc Sync="TRUE">Dataset copied.</procdesc><srcused Sync="TRUE">\\Hsgbad\DXO Folder\zzPersonal Folders\DOROTHY\For Dorothy_2019_3 (LAI HAN SENG_OTHERS)\OTHERS\2019_3_RESTRICTED\GEODATABASE\RESTRICTED.gdb</srcused><procdate Sync="TRUE">20190624</procdate><proctime Sync="TRUE">10385600</proctime></procstep><procstep><procdesc Sync="TRUE">Dataset copied.</procdesc><srcused Sync="TRUE">\\WS7-CPU\D\LaiHS\HSGB\Data\Quarterly Data Layer MHA\2019_4_TO ADD UPDATED BUILDING &amp; TRANSPORTATION LAYERS\2019_4_RESTRICTED\GEODATABASE\RESTRICTED.gdb</srcused><procdate Sync="TRUE">20190710</procdate><proctime Sync="TRUE">20195900</proctime></procstep><procstep><procdesc Sync="TRUE">Dataset copied.</procdesc><srcused Sync="TRUE">\\WS7-CPU\E\LaiHS\HSGB\Data\Quarterly Data Layer MHA\2019_4\2019_4_RESTRICTED\GEODATABASE\RESTRICTED.gdb</srcused><procdate Sync="TRUE">20191001</procdate><proctime Sync="TRUE">08432700</proctime></procstep><procstep><procdesc Sync="TRUE">Dataset copied.</procdesc><srcused Sync="TRUE">\\WS7-CPU\E\LaiHS\HSGB\Data\Quarterly Data Layer MHA\2020_1\2020_1_RESTRICTED\GEODATABASE\RESTRICTED.gdb</srcused><procdate Sync="TRUE">20200110</procdate><proctime Sync="TRUE">08445800</proctime></procstep><procstep><procdesc Sync="TRUE">Dataset copied.</procdesc><srcused Sync="TRUE">\\WS7-CPU\E\LaiHS\HSGB\Data\Quarterly Data Layer MHA\2020_2\2020_2_RESTRICTED\GEODATABASE\RESTRICTED.gdb</srcused><procdate Sync="TRUE">20200327</procdate><proctime Sync="TRUE">12194800</proctime></procstep></lineage></dataqual><idinfo><native Sync="TRUE">Microsoft Windows XP Version 5.1 (Build 2600) Service Pack 3; ESRI ArcCatalog 9.3.1.1850</native><descript><langdata Sync="TRUE">en</langdata><abstract>REQUIRED: A brief narrative summary of the data set.</abstract><purpose>REQUIRED: A summary of the intentions with which the data set was developed.</purpose></descript><citation><citeinfo><origin>REQUIRED: The name of an organization or individual that developed the data set.</origin><pubdate>REQUIRED: The date when the data set is published or otherwise made available for release.</pubdate><title Sync="TRUE">NPC_Boundary</title><ftname Sync="TRUE">NPC_Boundary</ftname><geoform Sync="TRUE">vector digital data</geoform><onlink Sync="TRUE">\\WS7-CPU\E\LaiHS\HSGB\Data\Quarterly Data Layer MHA\2020_2_NEW\2020_2_RESTRICTED\GEODATABASE\RESTRICTED.gdb</onlink></citeinfo></citation><timeperd><current>REQUIRED: The basis on which the time period of content information is determined.</current><timeinfo><sngdate><caldate>REQUIRED: The year (and optionally month, or month and day) for which the data set corresponds to the ground.</caldate></sngdate></timeinfo></timeperd><status><progress>REQUIRED: The state of the data set.</progress><update>REQUIRED: The frequency with which changes and additions are made to the data set after the initial data set is completed.</update></status><spdom><bounding><westbc Sync="TRUE">103.600946</westbc><eastbc Sync="TRUE">104.119328</eastbc><northbc Sync="TRUE">1.478394</northbc><southbc Sync="TRUE">1.150093</southbc></bounding><lboundng><leftbc Sync="TRUE">103.600946</leftbc><rightbc Sync="TRUE">104.119328</rightbc><bottombc Sync="TRUE">1.150093</bottombc><topbc Sync="TRUE">1.478394</topbc></lboundng></spdom><keywords><theme><themekt>REQUIRED: Reference to a formally registered thesaurus or a similar authoritative source of theme keywords.</themekt><themekey>REQUIRED: Common-use word or phrase used to describe the subject of the data set.</themekey></theme></keywords><accconst>REQUIRED: Restrictions and legal prerequisites for accessing the data set.</accconst><useconst>REQUIRED: Restrictions and legal prerequisites for using the data set after access is granted.</useconst><natvform Sync="TRUE">File Geodatabase Feature Class</natvform></idinfo><mdLang><languageCode Sync="TRUE" value="eng"></languageCode><countryCode value="SGP" Sync="TRUE"></countryCode></mdLang><distinfo><resdesc Sync="TRUE">Downloadable Data</resdesc><stdorder><digform><digtinfo><transize Sync="TRUE">0.000</transize><dssize Sync="TRUE">0.000</dssize></digtinfo></digform></stdorder></distinfo><spdoinfo><direct Sync="TRUE">Vector</direct><ptvctinf><esriterm Name="NPC_Boundary"><efeatyp Sync="TRUE">Simple</efeatyp><efeageom code="4" Sync="TRUE"></efeageom><esritopo Sync="TRUE">FALSE</esritopo><efeacnt Sync="TRUE">0</efeacnt><spindex Sync="TRUE">FALSE</spindex><linrefer Sync="TRUE">FALSE</linrefer></esriterm></ptvctinf></spdoinfo><spref><horizsys><cordsysn><geogcsn Sync="TRUE">GCS_WGS_1984</geogcsn></cordsysn><geodetic><horizdn Sync="TRUE">D_WGS_1984</horizdn><ellips Sync="TRUE">WGS_1984</ellips><semiaxis Sync="TRUE">6378137.000000</semiaxis><denflat Sync="TRUE">298.257224</denflat></geodetic><geograph><geogunit Sync="TRUE">Decimal degrees</geogunit><latres Sync="TRUE">0.000000</latres><longres Sync="TRUE">0.000000</longres></geograph></horizsys><vertdef><altsys><altenc Sync="TRUE">Explicit elevation coordinate included with horizontal coordinates</altenc><altres Sync="TRUE">1.000000</altres></altsys></vertdef></spref><refSysInfo><RefSystem><refSysID><identCode Sync="TRUE" code="4326">GCS_WGS_1984</identCode><idCodeSpace Sync="TRUE">EPSG</idCodeSpace><idVersion Sync="TRUE">6.14(3.0.1)</idVersion></refSysID></RefSystem></refSysInfo><spatRepInfo><VectSpatRep><geometObjs Name="NPC_Boundary"><geoObjTyp><GeoObjTypCd value="002" Sync="TRUE"></GeoObjTypCd></geoObjTyp><geoObjCnt Sync="TRUE">0</geoObjCnt></geometObjs><topLvl><TopoLevCd value="001" Sync="TRUE"></TopoLevCd></topLvl></VectSpatRep></spatRepInfo><eainfo><detailed Name="NPC_Boundary"><enttyp><enttypl Sync="TRUE">NPC_Boundary</enttypl><enttypt Sync="TRUE">Feature Class</enttypt><enttypc Sync="TRUE">0</enttypc></enttyp><attr><attrlabl Sync="TRUE">SHAPE</attrlabl><attalias Sync="TRUE">Shape</attalias><attrtype Sync="TRUE">Geometry</attrtype><attwidth Sync="TRUE">0</attwidth><atprecis Sync="TRUE">0</atprecis><attscale Sync="TRUE">0</attscale><attrdef Sync="TRUE">Feature geometry.</attrdef><attrdefs Sync="TRUE">ESRI</attrdefs><attrdomv><udom Sync="TRUE">Coordinates defining the features.</udom></attrdomv></attr><subtype><stname Sync="TRUE">TP Patrol Sector</stname><stcode Sync="TRUE">7</stcode><stfield><stfldnm Sync="TRUE">FTYPE</stfldnm><stflddv Sync="TRUE">7</stflddv></stfield></subtype><subtype><stname Sync="TRUE">Anchorage Area</stname><stcode Sync="TRUE">0</stcode><stfield><stfldnm Sync="TRUE">FTYPE</stfldnm><stflddv Sync="TRUE">0</stflddv></stfield></subtype><subtype><stname Sync="TRUE">Shipping Area</stname><stcode Sync="TRUE">5</stcode><stfield><stfldnm Sync="TRUE">FTYPE</stfldnm><stflddv Sync="TRUE">5</stflddv></stfield></subtype><subtype><stname Sync="TRUE">NPC Sector</stname><stcode Sync="TRUE">2</stcode><stfield><stfldnm Sync="TRUE">FTYPE</stfldnm><stflddv Sync="TRUE">2</stflddv></stfield></subtype><subtype><stname Sync="TRUE">Live Firing Area</stname><stcode Sync="TRUE">9</stcode><stfield><stfldnm Sync="TRUE">FTYPE</stfldnm><stflddv Sync="TRUE">9</stflddv></stfield></subtype><subtype><stname Sync="TRUE">Fire Station Boundary</stname><stcode Sync="TRUE">1</stcode><stfield><stfldnm Sync="TRUE">FTYPE</stfldnm><stflddv Sync="TRUE">0</stflddv></stfield></subtype><subtype><stname Sync="TRUE">Prohibited Area</stname><stcode Sync="TRUE">3</stcode><stfield><stfldnm Sync="TRUE">FTYPE</stfldnm><stflddv Sync="TRUE">0</stflddv></stfield></subtype><subtype><stname Sync="TRUE">SPF Installation</stname><stcode Sync="TRUE">8</stcode><stfield><stfldnm Sync="TRUE">FTYPE</stfldnm><stflddv Sync="TRUE">0</stflddv></stfield></subtype><subtype><stname Sync="TRUE">SPF Division</stname><stcode Sync="TRUE">10</stcode><stfield><stfldnm Sync="TRUE">FTYPE</stfldnm><stflddv Sync="TRUE">0</stflddv></stfield></subtype><subtype><stname Sync="TRUE">SCDF Division</stname><stcode Sync="TRUE">11</stcode><stfield><stfldnm Sync="TRUE">FTYPE</stfldnm><stflddv Sync="TRUE">0</stflddv></stfield></subtype><subtype><stname Sync="TRUE">SPF Division</stname><stcode Sync="TRUE">10</stcode><stfield><stfldnm Sync="TRUE">FTYPE</stfldnm><stflddv Sync="TRUE">0</stflddv></stfield></subtype><attr><attrlabl Sync="TRUE">FID</attrlabl><attalias Sync="TRUE">FID</attalias><attrtype Sync="TRUE">OID</attrtype><attwidth Sync="TRUE">4</attwidth><atprecis Sync="TRUE">0</atprecis><attscale Sync="TRUE">0</attscale><attrdef Sync="TRUE">Internal feature number.</attrdef><attrdefs Sync="TRUE">Esri</attrdefs><attrdomv><udom Sync="TRUE">Sequential unique whole numbers that are automatically generated.</udom></attrdomv></attr><subtype><stname Sync="TRUE">SCDF Division</stname><stcode Sync="TRUE">11</stcode><stfield><stfldnm Sync="TRUE">FTYPE</stfldnm><stflddv Sync="TRUE">0</stflddv></stfield></subtype><attr><attrlabl Sync="TRUE">NAME</attrlabl><attalias Sync="TRUE">NAME</attalias><attrtype Sync="TRUE">String</attrtype><attwidth Sync="TRUE">25</attwidth><atprecis Sync="TRUE">0</atprecis><attscale Sync="TRUE">0</attscale></attr><attr><attrlabl Sync="TRUE">Shape_A</attrlabl><attalias Sync="TRUE">Shape_A</attalias><attrtype Sync="TRUE">Integer</attrtype><attwidth Sync="TRUE">10</attwidth><atprecis Sync="TRUE">10</atprecis><attscale Sync="TRUE">0</attscale></attr><attr><attrlabl Sync="TRUE">Shape_L</attrlabl><attalias Sync="TRUE">Shape_L</attalias><attrtype Sync="TRUE">Integer</attrtype><attwidth Sync="TRUE">10</attwidth><atprecis Sync="TRUE">10</atprecis><attscale Sync="TRUE">0</attscale></attr><attr><attrlabl Sync="TRUE">FTYPE</attrlabl><attalias Sync="TRUE">FTYPE</attalias><attrtype Sync="TRUE">String</attrtype><attwidth Sync="TRUE">30</attwidth><atprecis Sync="TRUE">0</atprecis><attscale Sync="TRUE">0</attscale></attr><attr><attrlabl Sync="TRUE">NPC</attrlabl><attalias Sync="TRUE">NPC</attalias><attrtype Sync="TRUE">String</attrtype><attwidth Sync="TRUE">10</attwidth><atprecis Sync="TRUE">0</atprecis><attscale Sync="TRUE">0</attscale></attr><attr><attrlabl Sync="TRUE">Div</attrlabl><attalias Sync="TRUE">Div</attalias><attrtype Sync="TRUE">String</attrtype><attwidth Sync="TRUE">1</attwidth><atprecis Sync="TRUE">0</atprecis><attscale Sync="TRUE">0</attscale></attr><attr><attrlabl Sync="TRUE">Shape_Leng</attrlabl><attalias Sync="TRUE">Shape_Leng</attalias><attrtype Sync="TRUE">Double</attrtype><attwidth Sync="TRUE">19</attwidth><atprecis Sync="TRUE">0</atprecis><attscale Sync="TRUE">0</attscale></attr><attr><attrlabl Sync="TRUE">Shape_Area</attrlabl><attalias Sync="TRUE">Shape_Area</attalias><attrtype Sync="TRUE">Double</attrtype><attwidth Sync="TRUE">19</attwidth><attrdef Sync="TRUE">Area of feature in internal units squared.</attrdef><attrdefs Sync="TRUE">ESRI</attrdefs><attrdomv><udom Sync="TRUE">Positive real numbers that are automatically generated.</udom></attrdomv><atprecis Sync="TRUE">0</atprecis><attscale Sync="TRUE">0</attscale></attr></detailed></eainfo><distInfo><distributor><distorTran><onLineSrc><orDesc Sync="TRUE">002</orDesc><linkage Sync="TRUE">file://\\WS7-CPU\E\LaiHS\HSGB\Data\Quarterly Data Layer MHA\2020_2_NEW\2020_2_RESTRICTED\GEODATABASE\RESTRICTED.gdb</linkage><protocol Sync="TRUE">Local Area Network</protocol></onLineSrc><transSize Sync="TRUE">0.000</transSize><offLineMed><medName><MedNameCd value="002"></MedNameCd></medName></offLineMed></distorTran><distorFormat><formatName Sync="TRUE">File Geodatabase Feature Class</formatName><formatVer>ArcGIS 9.3.1</formatVer></distorFormat><distorCont><role/><rpIndName>ME4 Tan Soong Tong Michael</rpIndName><rpOrgName>Ministry of Defence (MINDEF)</rpOrgName><rpPosName>Head Data Management, HSGB</rpPosName><rpCntInfo><cntAddress><delPoint>SAF Mapping Unit, 200 Airport Road</delPoint><city>Singapore</city><adminArea>Singapore</adminArea><postCode>534257</postCode><eMailAdd>TAN_Soong_Tong_Michael@defence.gov.sg</eMailAdd><country>sg</country></cntAddress><cntPhone><voiceNum>64317226</voiceNum><faxNum>62814134</faxNum></cntPhone></rpCntInfo></distorCont></distributor><distFormat><formatName Sync="TRUE">Shapefile</formatName></distFormat><distTranOps><transSize Sync="TRUE">0.000</transSize></distTranOps></distInfo><dqInfo><dataLineage><statement>The authoritative source of this data is SPF (Singapore Police Force)</statement></dataLineage><dqScope><scpLvl><ScopeCd value="005"></ScopeCd></scpLvl></dqScope></dqInfo></metadata>
